证券代码,证券简称,上市日期↓,网上发行有效认购倍数,网下发行有效申购倍数,市净率PB,市盈率PE,振幅,收盘价,开盘价,最高价,最低价,成交量,相对发行价涨跌,相对发行价涨跌幅,所属Wind行业名称,发行价,marginstress10,AH_dummy,MM恐惧与贪婪指数
3317.HK,迅策,2025-12-30 00:00:00,7.24,,9.283077625,-172.4110313,22.54166667,48.5,48.02,48.84,38.02,4380600,0.5,1.041666667,信息技术,48,1,0,41.2
2657.HK,林清轩,2025-12-30 00:00:00,1235.81,19.79,17.96098304,58.84105448,8.550855086,85,85,91.65,85,5242564,7.23,9.29664395,医疗保健,77.77,0,0,41.2
2671.HK,美联股份,2025-12-30 00:00:00,146.25,1.48,1.96480548,11.42679735,64.78873239,7.64,8.21,12,7.4,13859700,0.54,7.605633803,工业,7.1,0,0,41.2
6600.HK,卧安机器人,2025-12-30 00:00:00,254.5,8.9,76.94666288,-4943.835606,1.62601626,73.85,73.8,75,73.8,4724850,0.05,0.067750678,信息技术,73.8,0,0,41.2
3696.HK,英矽智能,2025-12-30 00:00:00,1427.37,26.27,-3.242595709,-125.926174,23.78378378,29.98,35,35.7,29.98,37735345,5.93,24.65696466,医疗保健,24.05,1,0,41.2
6651.HK,五一视界,2025-12-30 00:00:00,256.01,2.6,61.12987413,-188.419721,15.73770492,39.62,35,39.8,35,5321300,9.12,29.90163934,信息技术,30.5,0,0,41.2
3378.HK,翰思艾泰-B,2025-12-23 00:00:00,3074.09,5.78,13.05155991,-18.73157444,38.375,17.2,28.9,29.48,17.2,9903100,-14.8,-46.25,医疗保健,32,1,0,40.23
2661.HK,轻松健康,2025-12-23 00:00:00,1421.47,2.9,-9.206219827,1078.88078,47.61904762,58.7,50,59.8,49,6239600,36.02,158.8183422,金融,22.68,0,0,40.23
2635.HK,诺比侃,2025-12-23 00:00:00,188.74,2.08,20.33617922,112.7650727,76.25,371,319.8,371,310,868750,291,363.75,信息技术,80,0,0,40.23
2691.HK,南华期货股份,2025-12-22 00:00:00,1.91,0.99,1.469712887,13.20657559,14.16666667,9.1,9.13,10.4,8.7,7945500,-2.9,-24.16666667,金融,12,0,1,40.23
2396.HK,华芢生物-B,2025-12-22 00:00:00,791.95,6.05,19.54230202,-13.86007272,26.70157068,27,33.8,37.2,27,4989600,-11.2,-29.31937173,医疗保健,38.2,1,0,40.23
2695.HK,印象大红袍,2025-12-22 00:00:00,3397.48,1.91,1.275046195,7.258026208,29.72222222,2.33,3.26,3.4,2.33,42683000,-1.27,-35.27777778,通讯服务,3.6,1,0,40.23
2581.HK,明基医院,2025-12-22 00:00:00,6.28,1.28,0.843800665,12.51797754,19.05781585,4.72,6.5,6.5,4.72,7845000,-4.62,-49.46466809,医疗保健,9.34,1,0,40.23
3881.HK,希迪智驾,2025-12-19 00:00:00,22.55,2.1,-8.235366138,-15.8513096,17.11026616,227,263,263,218,811640,-36,-13.68821293,信息技术,263,1,0,40.23
2546.HK,智汇矿业,2025-12-19 00:00:00,5248.15,2.68,3.756748085,69.5537822,64.74501109,8.6,10.8,10.92,8,30390200,4.09,90.68736142,材料,4.51,1,0,40.23
3887.HK,HASHKEY HLDGS,2025-12-17 00:00:00,393.71,5.46,-17.20803234,-15.51205426,14.97005988,6.67,6.7,7.12,6.12,98920830,-0.01,-0.149700599,信息技术,6.68,0,0,46.26
2655.HK,果下科技,2025-12-16 00:00:00,1890.73,3.63,108.318907,422.6838873,57.01492537,43.8,38,49.3,37.84,8732200,23.7,117.9104478,信息技术,20.1,0,0,46.26
7618.HK,京东工业,2025-12-11 00:00:00,60.52,7.88,72.0589195,46.07625612,10.56737589,14.1,13,14.15,12.66,39585468,0,0,可选消费,14.1,0,0,51.25
2665.HK,图达通,2025-12-10 00:00:00,,,-2.289393542,-5.588576399,73.1,13.3,11,17.31,10,8929500,3.3,33,可选消费,10,0,0,51.25
2659.HK,宝济药业-B,2025-12-10 00:00:00,3526.34,6.59,19.0966829,-52.18497825,27.10386657,63,60.5,63.15,56,7930300,36.62,138.8172858,医疗保健,26.38,0,0,51.25
2676.HK,纳芯微,2025-12-08 00:00:00,25.33,2.65,2.795295857,-41.22987497,9.310344828,111,116,116,105.2,2014583,-5,-4.310344828,信息技术,116,0,1,51.25
2687.HK,卓越睿新,2025-12-08 00:00:00,4813.4,2.33,15.64225138,74.26820247,89.62962963,126.4,83.6,142.5,82,1510300,58.9,87.25925926,信息技术,67.5,0,0,51.25
2408.HK,遇见小面,2025-12-05 00:00:00,425.97,4.99,28.38655879,55.07880946,7.386363636,5.08,5,5.5,4.98,36041420,-1.96,-27.84090909,可选消费,7.04,0,0,51.25
2658.HK,天域半导体,2025-12-05 00:00:00,60.63,2.47,12.1400219,-29.95072862,16.96551724,40.5,38,47.84,38,3726088,-17.5,-30.17241379,信息技术,58,0,0,51.25
2693.HK,金岩高岭新材,2025-12-03 00:00:00,6876.17,2.01,1.458733695,12.76459925,34.93150685,7.46,9.3,9.8,7.25,11290500,0.16,2.191780822,材料,7.3,1,0,40.74
2539.HK,乐摩科技,2025-12-03 00:00:00,7324.29,6.78,11.68157042,32.67618698,73.375,54.5,64.8,78.65,49.3,2556200,14.5,36.25,可选消费,40,1,0,40.74
9609.HK,海伟股份,2025-11-28 00:00:00,5426.27,6.11,2.381678931,18.03829526,17.5070028,11,13.5,13.5,11,16128800,-3.28,-22.96918768,信息技术,14.28,1,0,40.74
2685.HK,量化派,2025-11-27 00:00:00,9366.28,15.07,-9.675851123,59.77472609,96.93877551,18.5,26,27.8,18.3,4893100,8.7,88.7755102,信息技术,9.8,1,0,28.96
2788.HK,创新实业,2025-11-24 00:00:00,447.2,19.85,21.53627738,13.14147086,14.74067334,14.59,15.2,15.8,14.18,170339680,3.6,32.75705187,材料,10.99,0,0,28.96
2579.HK,中伟新材,2025-11-17 00:00:00,27.9,4.08,1.627403544,22.33955496,5.882352941,33.96,34,34,32,17061800,-0.04,-0.117647059,材料,34,0,1,62.42
2698.HK,乐舒适,2025-11-10 00:00:00,1813.77,34.33,18.41309029,27.08134231,14.50381679,33,34.98,36.8,33,42610340,6.8,25.95419847,可选消费,26.2,0,0,52.23
0699.HK,均胜电子,2025-11-06 00:00:00,147.67,9.78,2.143826065,30.26244399,7.5,20.24,21.5,21.5,19.85,34771600,-1.76,-8,可选消费,22,0,1,41.42
0800.HK,文远知行-W,2025-11-06 00:00:00,73.44,9.85,3.282864366,-9.216746762,7.306273063,24.4,24.98,24.98,23,16900938,-2.7,-9.963099631,信息技术,27.1,0,0,41.42
2026.HK,小马智行-W,2025-11-06 00:00:00,15.88,7.72,7.404693712,-25.69218372,5.251798561,126.1,124,126.1,118.8,8679020,-12.9,-9.28057554,信息技术,139,0,0,41.42
2630.HK,旺山旺水-B,2025-11-06 00:00:00,6238.42,16.87,85.12766468,-60.2003078,45.6997303,82,95,97,81.75,5534414,48.63,145.7296973,医疗保健,33.37,1,0,41.42
9927.HK,赛力斯,2025-11-05 00:00:00,132.68,8.61,17.29653515,35.6762373,10.2661597,131.5,128.9,131.5,118,18589510,0,0,可选消费,131.5,0,1,41.42
2718.HK,明略科技-W,2025-11-03 00:00:00,4452.86,13.93,-6.038830218,8205.545921,26.80851064,290.6,280,309.8,272,2156929,149.6,106.0992908,信息技术,141,0,0,41.42
6166.HK,剑桥科技,2025-10-28 00:00:00,338.7,16.5,12.37954336,171.6163691,27.29384437,92.2,94,109,90.2,28849222,23.32,33.85598142,信息技术,68.88,0,1,50.2
6031.HK,三一重工,2025-10-28 00:00:00,52.93,13.96,2.566555121,30.9051094,4.694835681,21.9,21.3,22.3,21.3,138330321,0.6,2.816901408,工业,21.3,0,1,50.2
6980.HK,八马茶业,2025-10-28 00:00:00,2680.04,13.58,6.530151179,32.7528077,35.8,93.35,80.1,97.9,80,4215100,43.35,86.7,可选消费,50,0,0,50.2
1384.HK,滴普科技,2025-10-28 00:00:00,7569.83,16.61,-5.496669144,-16.09995542,61.14028507,66.8,56.5,68.4,52.1,11698160,40.14,150.5626407,信息技术,26.66,0,0,50.2
0638.HK,广和通,2025-10-22 00:00:00,550.99,9.16,4.391377732,23.6958825,12.60465116,18.98,21.5,21.6,18.89,31770800,-2.52,-11.72093023,信息技术,21.5,1,1,16.09
6687.HK,聚水潭,2025-10-21 00:00:00,1952.95,22.89,-4.106415355,1230.467492,17.90849673,37.9,38,40.58,35.1,37490701,7.3,23.85620915,信息技术,30.6,0,0,16.09
2637.HK,海西新药,2025-10-20 00:00:00,3165.1,6.3,14.02983699,55.81118004,20.60185185,104.2,102,117.8,100,2398750,17.8,20.60185185,医疗保健,86.4,0,0,16.09
2670.HK,云迹,2025-10-16 00:00:00,5657.2,18.62,-5.049055801,-41.45754623,23.74476987,120.5,142.8,142.8,120.1,3230450,24.9,26.0460251,工业,95.6,1,0,43.07
2575.HK,轩竹生物-B,2025-10-15 00:00:00,4908.33,10.15,13.18527979,-22.67049183,40.51724138,26.3,29.46,31,26.3,14744267,14.7,126.7241379,医疗保健,11.6,1,0,43.07
2650.HK,挚达科技,2025-10-10 00:00:00,5440.8,2.37,236.0273582,-45.31956124,38.55349671,195.5,190,197,171.2,1558550,128.58,192.1398685,公用事业,66.92,0,0,43.07
8549.HK,金叶国际集团,2025-10-10 00:00:00,11464.72,1.2,15.12619822,61.10558477,264,2.15,3,3.32,2,43840254,1.65,330,工业,0.5,1,0,43.07
2652.HK,长风药业,2025-10-08 00:00:00,6697.8,12.74,15.63755711,696.5134637,76.88135593,38.5,47,48.8,37.46,13550698,23.75,161.0169492,医疗保健,14.75,1,0,65.79
2889.HK,博泰车联,2025-09-30 00:00:00,529.79,3.72,14.11658104,-40.2909066,26.3132153,157,135,157,130.1,1642440,54.77,53.57527145,信息技术,102.23,0,0,42.17
2259.HK,紫金黄金国际,2025-09-30 00:00:00,240.74,20.38,17.53129203,84.68903558,16.76211761,120.6,111.5,123,111,97866268,49.01,68.45928202,材料,71.59,0,0,42.17
2583.HK,西普尼,2025-09-30 00:00:00,2505.9,3.9,8.75662496,117.0113504,168.9189189,106,84,130,80,2822800,76.4,258.1081081,可选消费,29.6,0,0,42.17
9973.HK,奇瑞汽车,2025-09-25 00:00:00,308.18,11.61,6.435919894,12.06046312,10.60162602,31.92,34.2,34.98,31.72,78268545,1.17,3.804878049,可选消费,30.75,0,0,68.09
6090.HK,不同集团,2025-09-23 00:00:00,3317.47,7.37,-201.3425689,147.2082699,24.85955056,102.5,100.4,105.8,88.1,3760300,31.3,43.96067416,日常消费,71.2,1,0,68.09
2595.HK,劲方医药-B,2025-09-19 00:00:00,2662.79,39.05,-7.114259408,-20.53793708,40.21579205,42.1,44,50.2,42,34913498,21.71,106.4737616,医疗保健,20.39,0,0,68.09
2656.HK,健康160,2025-09-17 00:00:00,751.77,1.92,-103.2768005,-81.64839221,55.34062237,28.22,29.98,32.6,26.02,7081940,16.33,137.3423045,医疗保健,11.89,1,0,79.35
2525.HK,禾赛-W,2025-09-16 00:00:00,168.65,14.09,8.443997583,-324.290137,6.954887218,234,229.2,244,229.2,5655182,21.2,9.962406015,信息技术,212.8,0,0,79.35
2543.HK,大行科工,2025-09-09 00:00:00,7558.4,21.65,13.26901425,31.9056123,25.45454545,56.9,67.5,69,56.4,8237500,7.4,14.94949495,可选消费,49.5,1,0,57.8
2580.HK,奥克斯电气,2025-09-02 00:00:00,557.2,8.3,6.319117907,8.328815891,6.371986223,16.48,16.1,16.79,15.68,52410200,-0.94,-5.396096441,可选消费,17.42,0,0,55.84
3858.HK,佳鑫国际资源,2025-08-28 00:00:00,2041.62,21.11,-1818.7801,-77.04342829,83.33333333,30.34,22.8,31.9,22.8,54161805,19.42,177.8388278,材料,10.92,0,0,65.63
6960.HK,双登股份,2025-08-26 00:00:00,3876.25,18.75,3.079946985,20.8112317,29.77257064,19.05,22.5,23.18,18.86,43416220,4.54,31.28876637,工业,14.51,1,0,70.42
2631.HK,天岳先进,2025-08-20 00:00:00,2809.19,9.04,3.789818924,112.4716644,7.476635514,45.54,45.6,48.2,45,25939101,2.74,6.401869159,信息技术,42.8,0,1,70.42
2591.HK,银诺医药-B,2025-08-15 00:00:00,5341.66,10.67,30.40743313,-138.637808,131.1563169,57.25,72,74,49.5,16217295,38.57,206.4775161,医疗保健,18.68,1,0,70.42
2627.HK,中慧生物-B,2025-08-11 00:00:00,4007.64,0.99,82.71780253,-46.86743193,13.95348837,33.28,33,34.8,33,8992780,20.38,157.9844961,医疗保健,12.9,0,0,68.19
6887.HK,东阳光药,2025-08-07 00:00:00,,,92.94518737,-154.2032323,,59.9,57.5,62.3,57.5,2447141,,,医疗保健,,0,0,58.87
9887.HK,维立志博-B,2025-07-25 00:00:00,3494.78,40.78,45.24409014,-39.88838766,35.71428571,67.1,72.4,79.6,67.1,33118341,32.1,91.71428571,医疗保健,35,0,0,89.73
1304.HK,峰岹科技,2025-07-09 00:00:00,138.26,8.61,5.634321576,64.68756691,13.1120332,139.8,130.8,143.8,128,9036736,19.3,16.01659751,信息技术,120.5,0,1,66.35
6613.HK,蓝思科技,2025-07-09 00:00:00,462.76,16.68,1.980510646,26.59150885,7.920792079,19.84,18.88,19.98,18.54,140581771,1.66,9.130913091,信息技术,18.18,0,1,66.35
2651.HK,大众口腔,2025-07-09 00:00:00,108.25,0.96,8.185938362,22.58202688,34.25,20.7,24,27.5,20.65,3962300,0.7,3.5,医疗保健,20,1,0,66.35
2590.HK,极智嘉-W,2025-07-09 00:00:00,133.62,30.17,-3.46404405,-26.03257843,10.35714286,17.7,16.9,17.8,16.06,78383518,0.9,5.357142857,信息技术,16.8,0,0,66.35
2597.HK,讯众通信,2025-07-09 00:00:00,12.79,1.01,1.820739226,28.59531397,17.12177122,13.58,14.52,14.52,12.2,2227000,0.03,0.221402214,信息技术,13.55,1,0,66.35
1828.HK,富卫集团,2025-07-07 00:00:00,37.13,2.32,1.045819267,261.9777264,4.605263158,38.4,38,38.8,37.05,20850975,0.4,1.052631579,金融,38,0,0,66.35
2648.HK,安井食品,2025-07-04 00:00:00,44.2,5.85,1.358222499,11.84809336,5.166666667,57,60,60.1,57,12353900,-3,-5,日常消费,60,0,1,66.35
2592.HK,拨康视云-B,2025-07-03 00:00:00,78.78,0.89,-1.905958959,-6.759126887,40.99009901,6.2,9.5,9.74,5.6,43953150,-3.9,-38.61386139,医疗保健,10.1,1,0,74.1
3880.HK,泰德医药,2025-06-30 00:00:00,301.15,2.43,12.68838945,68.34914805,15.52287582,30.8,30.3,32.85,28.1,8593800,0.2,0.653594771,医疗保健,30.6,0,0,74.1
6603.HK,IFBH,2025-06-30 00:00:00,2682.35,22.93,28.22684449,40.72965228,30.57553957,39.5,43.9,46.5,38,38912781,11.7,42.08633094,日常消费,27.8,1,0,74.1
9678.HK,云知声,2025-06-30 00:00:00,91.66,1.7,-7.12388087,-43.05201129,59.41463415,296.4,205,319.8,198,803070,91.4,44.58536585,信息技术,205,0,0,74.1
6883.HK,颖通控股,2025-06-26 00:00:00,35.84,3.5,4.273873215,13.0080459,18.75,2.4,2.58,2.79,2.25,173642999,-0.48,-16.66666667,日常消费,2.88,1,0,55.88
2508.HK,圣贝拉,2025-06-26 00:00:00,193,15.59,-3.402348593,-9.090772016,38.75379939,8.8,8.45,11,8.45,94418160,2.22,33.73860182,日常消费,6.58,0,0,55.88
6168.HK,周六福,2025-06-26 00:00:00,711.11,13.55,4.661894895,17.01305974,13.75,30,26.7,30,26.7,35215592,6,25,可选消费,24,0,0,55.88
2619.HK,香江电器,2025-06-25 00:00:00,852.38,1.08,0.687529405,4.534785815,8.041958042,2.52,2.65,2.74,2.51,30003000,-0.34,-11.88811189,可选消费,2.86,0,0,55.88
2643.HK,曹操出行,2025-06-25 00:00:00,21.14,2.78,-2.602787335,-14.5042941,9.4182165,36,33.8,36.8,32.85,13537900,-5.94,-14.16309013,信息技术,41.94,0,0,55.88
2050.HK,三花智控,2025-06-23 00:00:00,747.92,23.57,4.477287528,27.87901417,8.211273857,22.5,20.95,22.55,20.7,125316817,-0.03,-0.133155792,工业,22.53,0,1,55.88
2609.HK,佰泽医疗,2025-06-23 00:00:00,25.92,0.98,6.851331881,-544.3797355,23.93364929,6,5.25,6.02,5.01,21787308,1.78,42.18009479,医疗保健,4.22,0,0,55.88
2617.HK,药捷安康-B,2025-06-23 00:00:00,3419.87,0.97,16.45089447,-31.45283302,28.8973384,23.5,21.65,24,20.2,8541000,10.35,78.70722433,医疗保健,13.15,0,0,55.88
3288.HK,海天味业,2025-06-19 00:00:00,918.15,22.93,6.388724489,31.11260023,5.371900826,36.5,37.5,38,36.05,77248982,0.2,0.550964187,日常消费,36.3,0,1,71.78
2573.HK,新琪安,2025-06-10 00:00:00,149.37,0.93,4.268596436,47.11711874,43.12169312,22.95,30.25,30.25,22.1,5221299,4.05,21.42857143,材料,18.9,1,0,73.44
2605.HK,METALIGHT,2025-06-10 00:00:00,274.44,2.49,-3.112833592,-37.1677428,15.48717949,6.8,7.6,8.31,6.8,24046400,-2.95,-30.25641026,工业,9.75,1,0,73.44
9881.HK,容大科技,2025-06-10 00:00:00,275.96,0.96,7.78266665,30.12835204,44.4,14.2,16.6,17.56,13.12,8501920,4.2,42,材料,10,1,0,73.44
2621.HK,手回集团,2025-05-30 00:00:00,990,1.13,-1.870640036,-10.18022548,11.01485149,6.61,7.5,7.5,6.61,21324400,-1.47,-18.19306931,金融,8.08,1,0,63.05
2603.HK,吉宏股份,2025-05-27 00:00:00,49.39,1.62,2.033150722,24.6084872,29.42708333,10.68,11,12.46,10.2,56699500,3,39.0625,可选消费,7.68,0,1,69.34
2565.HK,派格生物医药-B,2025-05-27 00:00:00,743.78,1.13,79.16579068,-14.59136812,14.61538462,11.56,13,13.5,11.22,11264800,-4.04,-25.8974359,医疗保健,15.6,1,0,69.34
1276.HK,恒瑞医药,2025-05-23 00:00:00,454.85,17.09,7.408835638,53.22303145,12.14528944,55.15,57,60.5,55.15,82663811,11.1,25.19863791,医疗保健,44.05,0,1,69.34
2629.HK,MIRXES-B,2025-05-23 00:00:00,25.51,0.98,-5.120743093,-11.56744589,12.66094421,30,29,31.95,29,9178741,6.7,28.75536481,医疗保健,23.3,0,0,69.34
3750.HK,宁德时代,2025-05-20 00:00:00,151.15,15.17,5.212171152,24.73517573,7.756653992,306.2,296,311.4,291,27692287,43.2,16.42585551,工业,263,0,1,72.48
6831.HK,绿茶集团,2025-05-16 00:00:00,317.54,7.2,5.089614512,11.20246586,12.65646732,6.29,7.19,7.2,6.29,88802599,-0.9,-12.51738526,可选消费,7.19,1,0,72.48
2865.HK,钧达股份,2025-05-08 00:00:00,3.5,1.08,1.854162647,-12.19246514,24.37923251,26.6,22.2,27.5,22.1,6655000,4.45,20.09029345,工业,22.15,0,1,54.38
2589.HK,沪上阿姨,2025-05-08 00:00:00,3616.83,2.57,12.98775957,46.75334426,40.31117397,158.4,190.6,197.6,152,3268382,45.28,40.02828854,可选消费,113.12,1,0,54.38
1333.HK,博雷顿,2025-05-07 00:00:00,198.72,0.92,12.83072627,-31.88578045,50,24.9,29,32.5,23.5,8331032,6.9,38.33333333,工业,18,1,0,54.38
9606.HK,映恩生物-B,2025-04-15 00:00:00,115.14,13.52,-7.998694366,-15.4403842,43.34038055,205,181,222,181,10825216,110.4,116.7019027,医疗保健,94.6,0,0,22.89
3677.HK,正力新能,2025-04-14 00:00:00,3.51,1.13,3.304956272,214.1399163,1.571946796,8.39,8.46,8.46,8.33,3230400,0.12,1.451027811,工业,8.27,0,0,22.89
2625.HK,江苏宏信,2025-03-31 00:00:00,46.96,0.93,0.946951962,11.61001408,50.4,2.5,3.44,3.65,2.39,27790000,0,0,日常消费,2.5,1,0,55.89
2569.HK,舒宝国际,2025-03-27 00:00:00,167.09,1.02,1.795736749,11.33215466,65.68627451,0.67,0.49,0.82,0.485,272546000,0.16,31.37254902,日常消费,0.51,0,0,66.05
2610.HK,南山铝业国际,2025-03-25 00:00:00,3.89,1.67,1.513511071,4.761974588,6.203007519,25.25,26.6,26.9,25.25,12882800,-1.35,-5.07518797,材料,26.6,0,0,66.05
2561.HK,维昇药业-B,2025-03-21 00:00:00,72.64,1.65,30.08375223,-39.82867462,6.322674419,68.8,68.8,69.15,64.8,3408600,0,0,医疗保健,68.8,0,0,66.05
6693.HK,赤峰黄金,2025-03-10 00:00:00,9.53,3.67,3.000362791,13.4630003,2.7696793,13.72,13.72,13.92,13.54,50199919,0,0,材料,13.72,0,1,86.75
6676.HK,找钢集团-W,2025-03-10 00:00:00,,,-1.517481499,-144.0332336,41.8,10.02,11.38,11.98,7.8,1610500,0.02,0.2,信息技术,10,1,0,86.75
2097.HK,蜜雪集团,2025-03-03 00:00:00,5258.21,35.23,6.77074727,22.82428674,20.74074074,290,262,298,256,16058876,87.5,43.20987654,可选消费,202.5,0,0,69.48
1364.HK,古茗,2025-02-12 00:00:00,194.87,15.03,9.820971354,13.72533533,14.78873239,9.3,10,10.4,8.93,134002435,-0.64,-6.438631791,可选消费,9.94,1,0,84.08
2571.HK,赛目科技,2025-01-15 00:00:00,2.66,1.06,2.939715404,30.32388801,12.62509623,13.18,13.3,14.66,13.02,7720400,0.19,1.462663587,信息技术,12.99,0,0,15.77
2596.HK,宜宾银行,2025-01-13 00:00:00,0.21,1.14,1.143582215,21.59982754,3.861003861,2.61,2.59,2.69,2.59,25689500,0.02,0.772200772,金融,2.59,0,0,15.77
0805.HK,新吉奥房车,2025-01-13 00:00:00,2.52,1.01,24.60096098,20.10612338,25.98425197,0.98,0.98,1.23,0.9,8738000,-0.29,-22.83464567,可选消费,1.27,0,0,15.77
2530.HK,纽曼思,2025-01-10 00:00:00,65.17,1.03,1.69705298,8.53094259,26.25,0.69,0.79,0.79,0.58,123024000,-0.11,-13.75,医疗保健,0.8,1,0,15.77
0325.HK,布鲁可,2025-01-10 00:00:00,5999.96,38.6,-12.05298452,-48.10380452,41.42502071,85,109.6,109.9,84.9,26806252,24.65,40.84507042,可选消费,60.35,1,0,15.77
2613.HK,汇舸环保,2025-01-09 00:00:00,55.33,0.95,4.433103937,10.35648708,5.660377358,33.8,33.95,34.95,33.15,2054100,2,6.289308176,工业,31.8,0,0,39.57
2560.HK,海螺材料科技,2025-01-09 00:00:00,25.83,1.04,0.851072461,6.710586152,12,1.57,1.8,1.93,1.57,49011000,-1.43,-47.66666667,材料,3,1,0,39.57
6681.HK,脑动极光-B,2025-01-08 00:00:00,11.39,1.01,-8.421897806,-19.69335685,11.18012422,3.33,3.22,3.49,3.13,18896100,0.11,3.416149068,医疗保健,3.22,0,0,39.57
2506.HK,讯飞医疗科技,2024-12-30 00:00:00,3.66,1.1,19.10670826,-65.79705949,11.05072464,87,89.75,95.15,86,520446,4.2,5.072463768,信息技术,82.8,0,0,51.77
2577.HK,英诺赛科,2024-12-30 00:00:00,2.87,1.41,12.57578123,-22.4129549,11.17952041,31,31,34,30.55,2952480,0.14,0.453661698,信息技术,30.86,0,0,51.77
2587.HK,健康之路,2024-12-30 00:00:00,34.42,0.98,-5.114618096,-27.34430982,16.66666667,10.66,9.95,10.7,9.4,3281100,2.86,36.66666667,医疗保健,7.8,0,0,51.77
2431.HK,佑驾创新,2024-12-27 00:00:00,14.04,1.09,9.567862112,-35.58151502,10.35294118,19.4,18.6,19.4,17.64,5996500,2.4,14.11764706,信息技术,17,0,0,51.77
2432.HK,越疆,2024-12-23 00:00:00,9.25,2.64,18.39128729,-66.47420842,13.93617021,18.94,19.7,21.4,18.78,3105000,0.14,0.744680851,信息技术,18.8,0,0,39.47
0999.HK,小菜园,2024-12-20 00:00:00,1.44,1.29,16.5294143,19.35752579,14.11764706,9.66,9,9.7,8.5,7799608,1.16,13.64705882,可选消费,8.5,0,0,39.47
2593.HK,草姬集团,2024-12-19 00:00:00,6083.63,1.79,6.090441821,13.97400395,31.2,4.14,4.69,5.05,3.88,58056200,0.39,10.4,日常消费,3.75,1,0,36.88
1318.HK,毛戈平,2024-12-10 00:00:00,919.18,30.34,14.75417812,34.45252429,32.04697987,52.6,47.65,57.2,47.65,83646270,22.8,76.51006711,日常消费,29.8,0,0,33.17
2570.HK,重塑能源,2024-12-06 00:00:00,1.55,1.33,6.294011682,-21.6872562,3.265306122,147.1,148.9,149.9,145.1,469700,0.1,0.068027211,可选消费,147,0,0,33.17
2586.HK,多点数智,2024-12-06 00:00:00,1.94,1.36,-1.615306733,-18.71966803,26.31578947,13.8,21.7,21.75,13.8,3667840,-16.41,-54.31976167,信息技术,30.21,1,0,33.17
2585.HK,梦金园,2024-11-29 00:00:00,20.58,0.98,1.667249611,13.85440823,16.66666667,12.9,12.5,13.2,11.2,12461400,0.9,7.5,可选消费,12,1,0,15.85
2566.HK,九源基因,2024-11-28 00:00:00,675.83,1.18,1.894712893,14.20369484,12.88244767,7.65,7.5,9.1,7.5,28954400,-4.77,-38.4057971,医疗保健,12.42,0,0,18.29
6936.HK,顺丰控股,2024-11-27 00:00:00,79.07,10.1,1.670296375,18.82172651,3.498542274,34.3,34.3,35.5,34.3,51647347,0,0,工业,34.3,0,1,18.29
2582.HK,国富氢能,2024-11-15 00:00:00,21.07,0.99,13.09090998,-100.9710747,7.538461538,78,82.3,82.45,77.55,758200,13,20,工业,65,0,0,53.67
2519.HK,傲基股份,2024-11-08 00:00:00,17.74,2.45,2.298663355,9.774294562,15.76923077,13.82,13.88,14.96,12.5,12609200,-1.78,-11.41025641,可选消费,15.6,0,0,53.67
2551.HK,晶科电子股份,2024-11-08 00:00:00,5677.83,6.95,2.527858636,39.08675424,37.67313019,5.33,4.2,5.56,4.2,75504380,1.72,47.64542936,信息技术,3.61,0,0,53.67
2510.HK,德翔海运,2024-11-01 00:00:00,12.09,2.22,0.488916589,41.82065345,8.133971292,4.1,4.18,4.25,3.91,44695000,-0.08,-1.913875598,工业,4.18,0,0,57.51
2563.HK,华昊中天医药-B,2024-10-31 00:00:00,21.45,0.994,9.503079255,-36.23766793,40.4375,20.8,21.5,25.95,19.48,3185800,4.8,30,医疗保健,16,0,0,56.6
2465.HK,龙蟠科技,2024-10-30 00:00:00,3.99,3.23,0.829246157,-2.321319191,22.90909091,4.75,5.08,5.46,4.2,42487000,-0.75,-13.63636364,材料,5.5,1,1,56.6
9660.HK,地平线机器人-W,2024-10-24 00:00:00,33.83,13.81,-1.962779234,-7.183906014,35.0877193,4.1,5.12,5.5,4.1,493170606,0.11,2.756892231,信息技术,3.99,1,0,58.27
2460.HK,华润饮料,2024-10-23 00:00:00,234.49,24.47,5.141077033,26.69680161,7.310344828,16.68,16.46,16.78,15.72,160092634,2.18,15.03448276,日常消费,14.5,0,0,58.27
2567.HK,七牛智能,2024-10-16 00:00:00,19.87,1.02,-0.714063283,-6.643418227,19.63636364,1.19,1.6,1.68,1.14,121377000,-1.56,-56.72727273,工业,2.75,1,0,80.28
9639.HK,荣利营造,2024-10-09 00:00:00,120.6,1.14,3.98990939,8.061684892,24.65753425,0.62,0.5,0.68,0.5,179715000,-0.11,-15.06849315,工业,0.73,0,0,97.56
2576.HK,太美医疗科技,2024-10-08 00:00:00,156.33,2.58,4.804479289,-13.55435411,19.07692308,9.2,11.24,11.68,9.2,16319616,-3.8,-29.23076923,医疗保健,13,1,0,97.56
2549.HK,卡罗特,2024-10-02 00:00:00,1347.27,7.91,19.9426533,18.72590353,72.66435986,9.15,9.5,10.88,6.68,111774000,3.37,58.30449827,日常消费,5.78,1,0,95.12
0300.HK,美的集团,2024-09-17 00:00:00,5.31,8.06,2.486106808,12.00805396,3.649635036,59.1,59.2,60,58,65113949,4.3,7.846715328,可选消费,54.8,0,1,38.57
8629.HK,集信国控,2024-09-06 00:00:00,14.33,1.03,,,,,,,,,,,工业,,0,0,37.6
2410.HK,同源康医药-B,2024-08-20 00:00:00,2.29,1.01,-5.205325207,-12.03891472,25.61983471,13.7,14.48,15.96,12.86,3187500,1.6,13.2231405,医疗保健,12.1,1,0,41.12
2533.HK,黑芝麻智能,2024-08-08 00:00:00,2.52,1.05,-0.95081332,-2.172544078,16.14285714,20.45,18.8,22.8,18.28,3326300,-7.55,-26.96428571,信息技术,28,0,0,18.29
1471.HK,众淼控股,2024-08-06 00:00:00,16.07,0.98,2.575131933,23.29495525,22.28571429,7.35,6.88,7.6,6.04,3237000,0.35,5,金融,7,1,0,18.29
2531.HK,广联科技控股,2024-07-15 00:00:00,2.49,1.06,4.363997925,31.18889886,18.72340426,4.8,5.48,5.6,4.72,4884000,0.1,2.127659574,信息技术,4.7,1,0,45.53
2507.HK,西锐,2024-07-12 00:00:00,1.56,1.57,2.719264883,14.12324296,5.272727273,27.5,27.5,27.5,26.05,6391409,0,0,工业,27.5,0,0,45.53
1334.HK,瑞昌国际控股,2024-07-10 00:00:00,19.24,0.97,1.842191391,9.848254877,37.14285714,1.2,1.3,1.55,1.16,39965000,0.15,14.28571429,能源,1.05,1,0,23.69
9680.HK,如祺出行,2024-07-10 00:00:00,0.6,1.17,-4.384499025,-9.051107058,14.85714286,33.9,30,35.2,30,2374300,-1.1,-3.142857143,工业,35,0,0,23.69
2495.HK,声通科技,2024-07-10 00:00:00,3.51,1.24,-370.9552696,-128.395758,12.4260355,135,135,139.9,121,237000,-17.1,-11.24260355,信息技术,152.1,1,0,23.69
6657.HK,百望股份,2024-07-09 00:00:00,6.58,1.04,-5.703745773,-22.2460903,32.5,38.9,32,39.7,28,1036900,2.9,8.055555556,工业,36,1,0,23.69
6086.HK,方舟健客,2024-07-09 00:00:00,16.63,1.66,-2.893579629,-27.95919773,7.946210269,4.53,4.68,4.95,4.3,9892000,-3.65,-44.62102689,日常消费,8.18,0,0,23.69
2545.HK,中赣通信,2024-07-03 00:00:00,195.99,1.5,3.030580836,5.665196174,14.4,0.67,0.76,0.83,0.65,131536000,-0.58,-46.4,通讯服务,1.25,1,0,20.4
1354.HK,经发物业,2024-07-03 00:00:00,118.87,0.98,3.42919585,8.067292543,20.66666667,6.64,7.65,7.65,6.1,3344700,-0.86,-11.46666667,房地产,7.5,1,0,20.4
8637.HK,元续科技,2024-07-02 00:00:00,2480.61,1.43,1.376482011,8.066178608,12.39669421,1.47,1.66,1.77,1.47,21203000,-0.95,-39.25619835,工业,2.42,1,0,20.4
2479.HK,天聚地合,2024-06-28 00:00:00,602.87,0.99,4.346946889,78.61355442,68.52274091,60.15,113,117.2,60.1,1620450,-23.18,-27.81711268,信息技术,83.33,1,0,20.4
2559.HK,嘀嗒出行,2024-06-28 00:00:00,112.9,1.28,-1.26561858,13.94400023,20.83333333,4.65,5.23,5.9,4.65,26229000,-1.35,-22.5,工业,6,1,0,20.4
6181.HK,老铺黄金,2024-06-28 00:00:00,582.15,11.9,6.907386595,25.14416016,36.17283951,70,64.5,75.6,60.95,17850500,29.5,72.83950617,可选消费,40.5,0,0,20.4
2881.HK,武汉有机,2024-06-18 00:00:00,337.57,0.92,1.120702864,8.141659879,63.63636364,7.02,9.88,10.3,6.8,9508500,1.52,27.63636364,材料,5.5,1,0,30.61
2512.HK,云工场,2024-06-14 00:00:00,25.79,1.09,29.25990173,113.7737959,21.52173913,3.8,4.37,4.65,3.66,29280598,-0.8,-17.39130435,工业,4.6,1,0,30.61
2228.HK,晶泰控股,2024-06-13 00:00:00,103.35,2.13,-2.463903778,-9.353534373,24.0530303,5.8,5.39,6.58,5.31,85480400,0.52,9.848484848,信息技术,5.28,0,0,54.84
2522.HK,一脉阳光,2024-06-07 00:00:00,336.33,1.24,3.746984726,109.0499522,19.22563418,15,15,16.96,14.08,12268300,0.02,0.133511348,医疗保健,14.98,0,0,54.84
2550.HK,宜搜科技,2024-06-07 00:00:00,114.59,0.98,8.753100366,132.5318997,53.44827586,11.12,8.5,11.6,8.5,5560500,5.32,91.72413793,通讯服务,5.8,0,0,54.84
8529.HK,优博控股,2024-06-03 00:00:00,2503.03,1.15,4.425517702,53.91524414,34,0.53,0.66,0.68,0.51,225085000,0.03,6,信息技术,0.5,1,0,34.59
2443.HK,汽车街,2024-05-31 00:00:00,433.34,0.98,24.72827071,-629.5831434,42.35294118,12.94,14.5,16.92,12.6,7705800,2.74,26.8627451,可选消费,10.2,1,0,34.59
2505.HK,EDA集团控股,2024-05-28 00:00:00,103.44,0.98,5.167403786,24.12671199,69.29824561,4.2,3.09,4.41,2.83,33638192,1.92,84.21052632,工业,2.28,0,0,56.07
0917.HK,趣致集团,2024-05-27 00:00:00,12.05,1.11,-21.4849804,63.63437648,32,35,33,35,27,2521400,10,40,通讯服务,25,1,0,56.07
2898.HK,盛禾生物-B,2024-05-24 00:00:00,10.08,1.27,-19.80108358,-15.53470592,9.777777778,14.52,14.46,15.42,14.1,2768400,1.02,7.555555556,医疗保健,13.5,0,0,56.07
2529.HK,泓盈城市服务,2024-05-17 00:00:00,47.59,1.2,1.819141354,6.632200861,17.1875,3.21,3.46,3.65,3.1,11580000,0.01,0.3125,房地产,3.2,1,0,93.9
2556.HK,迈富时,2024-05-16 00:00:00,5.95,1.03,-11.45748933,-64.94738381,25.2293578,51.65,45,56,45,799500,8.05,18.46330275,信息技术,43.6,0,0,87.8
2438.HK,出门问问,2024-04-24 00:00:00,117.39,1.58,-1.204250715,-6.197300906,20.52631579,3.68,2.98,3.76,2.98,61942500,-0.12,-3.157894737,信息技术,3.8,0,0,25.9
2555.HK,茶百道,2024-04-23 00:00:00,0.5,1.11,20.82431013,15.04549191,28.22857143,12.8,15.74,15.74,10.8,16394628,-4.7,-26.85714286,可选消费,17.5,1,0,25.9
2515.HK,天津建发,2024-04-23 00:00:00,433.06,1.02,1.320002605,7.241988708,26.4,1.52,1.88,2.18,1.52,56518000,-0.98,-39.2,工业,2.5,1,0,25.9
2497.HK,富景中国控股,2024-03-28 00:00:00,294.13,0.96,1.974376202,13.62183222,91.66666667,1.48,2.13,2.4,1.41,37768000,0.4,37.03703704,日常消费,1.08,1,0,54.45
2598.HK,连连数字,2024-03-28 00:00:00,16.94,1.89,15.54276029,-13.96108334,6.164383562,9.44,9.8,9.91,9.28,15429700,-0.78,-7.632093933,信息技术,10.22,0,0,54.45
2536.HK,百乐皇宫,2024-03-26 00:00:00,15.96,1.29,6.877066702,54.35521131,22.69230769,3,2.75,3.32,2.73,50437218,0.4,15.38461538,可选消费,2.6,0,0,54.45
9879.HK,米高集团,2024-03-21 00:00:00,9.79,1.28,2.267987749,7.95475614,12.25490196,4.09,4.38,4.58,4.08,34513000,0.01,0.245098039,材料,4.08,0,0,69.48
2509.HK,荃信生物-B,2024-03-20 00:00:00,163.15,0.9965,16.72700965,-9.710565617,18.68686869,24.5,27.4,28.2,24.5,2308200,4.7,23.73737374,医疗保健,19.8,1,0,69.48
2535.HK,泓基集团,2024-03-08 00:00:00,70.48,0.98,8.661631176,46.81610792,100,0.59,0.65,0.73,0.48,96680000,0.34,136,工业,0.25,1,0,50.73
2540.HK,乐思集团,2024-03-08 00:00:00,22.35,1.46,1.603887569,10.41935583,63.63636364,1.5,0.9,1.6,0.9,65740000,0.4,36.36363636,通讯服务,1.1,0,0,50.73
2477.HK,经纬天地,2024-01-12 00:00:00,28.64,0.97,14.04827246,58.64638917,99,2.64,1.77,2.69,1.7,27933800,1.64,164,信息技术,1,0,0,22.32
2453.HK,美中嘉和,2024-01-09 00:00:00,1.99,1.02,4.497995427,-19.27871293,16.2464986,11.08,9.8,12.02,9.7,3770200,-3.2,-22.40896359,医疗保健,14.28,0,0,32.63
2503.HK,中深建业,2024-01-09 00:00:00,58.44,1.09,0.901917922,10.55811531,14,0.72,0.81,0.84,0.7,32216000,-0.28,-28,工业,1,1,0,32.63
6959.HK,长久股份,2024-01-09 00:00:00,11.67,1.07,8.9204084,12.37182175,19.49579832,6.91,6.1,7.21,6.05,4309500,0.96,16.13445378,工业,5.95,0,0,32.63
2498.HK,速腾聚创,2024-01-05 00:00:00,0.58,1.28,-1.92661921,-4.036462388,3.720930233,43,43,43.1,41.5,944300,0,0,信息技术,43,0,0,32.63
9880.HK,优必选,2023-12-29 00:00:00,5.16,2.16,35.27599988,-34.78638163,5.777777778,90.85,89.9,93.45,88.25,1657500,0.85,0.944444444,信息技术,90,0,0,62.37
2149.HK,贝克微,2023-12-28 00:00:00,1.34,1.36,3.073588086,12.77144864,19.47579177,22.7,25.05,27.25,21.9,1734000,-4.77,-17.36439752,信息技术,27.47,1,0,26.79
6911.HK,澜沧古茶,2023-12-22 00:00:00,13.23,1.32,0.821924108,9.040948909,30.28037383,8.7,10.7,11.94,8.7,2073200,-2,-18.69158879,日常消费,10.7,1,0,26.79
2489.HK,集海资源,2023-12-22 00:00:00,8.76,1.03,1.806309411,12.0227654,12.72727273,0.56,0.51,0.58,0.51,111510000,0.01,1.818181818,材料,0.55,0,0,26.79
2516.HK,泛远国际,2023-12-22 00:00:00,14.49,1.04,1.36950743,27.04147326,45.55555556,1,1.3,1.32,0.91,37100000,0.1,11.11111111,工业,0.9,1,0,26.79
2511.HK,君圣泰医药-B,2023-12-22 00:00:00,32.22,1.25,-12.09850515,-29.92417579,6.608695652,12.38,11.92,12.68,11.92,5106500,0.88,7.652173913,医疗保健,11.5,0,0,26.79
2502.HK,金源氢化,2023-12-20 00:00:00,42.82,1.07,1.276044659,5.372756457,18.33333333,0.87,1.06,1.09,0.87,46140000,-0.33,-27.5,材料,1.2,1,0,40.58
1274.HK,知行科技,2023-12-20 00:00:00,6.46,1.07,7.841649411,-15.26450615,16.02023609,25.85,29.55,30.6,25.85,1743300,-3.8,-12.81618887,信息技术,29.65,1,0,40.58
0666.HK,瑞浦兰钧,2023-12-18 00:00:00,1.27,1.21,3.553459929,-107.8613029,6.010928962,18.78,18.6,19.66,18.56,1663600,0.48,2.62295082,工业,18.3,0,0,40.58
1497.HK,燕之屋,2023-12-12 00:00:00,83.63,1.27,8.876457307,21.02495149,11.13402062,9.7,10.5,10.7,9.62,11365600,0,0,日常消费,9.7,0,0,24.39
2419.HK,德康农牧,2023-12-06 00:00:00,1.88,1.13,2.621199542,13.12000837,2.841677943,37.5,36.95,38,36.95,1029500,0.55,1.48849797,日常消费,36.95,0,0,17.16
2483.HK,K CASH集团,2023-12-05 00:00:00,18.93,1.24,1.242125686,13.18794666,10.55555556,1.79,1.61,1.8,1.61,35682000,-0.01,-0.555555556,金融,1.8,0,0,17.16
2521.HK,升辉清洁,2023-12-05 00:00:00,33.35,1.33,2.70581611,13.92933896,23.4375,0.33,0.3,0.36,0.285,198562500,0.01,3.125,工业,0.32,0,0,17.16
9663.HK,国鸿氢能,2023-12-05 00:00:00,1.18,1.13,3.977324693,-33.51110183,27.87385554,19.8,16.5,19.88,14.4,28234500,0.14,0.712105799,工业,19.66,1,0,17.16
2520.HK,山西安装,2023-11-22 00:00:00,0.6,1.33,1.435039226,17.20841076,3.211009174,2.18,2.18,2.25,2.18,12720000,0,0,公用事业,2.18,0,0,40.51
2268.HK,药明合联,2023-11-17 00:00:00,49.96,19.6,19.90491007,189.2672161,11.89320388,28,26.95,29.25,26.8,63769819,7.4,35.9223301,医疗保健,20.6,0,0,40.51
2499.HK,佛朗斯股份,2023-11-10 00:00:00,7.8,1.37,5.101459998,129.6167993,8.263305322,14.76,15.48,15.48,14.3,1370000,0.48,3.361344538,工业,14.28,0,0,23.27
1111.HK,华视集团控股,2023-11-10 00:00:00,12.62,1.09,11.84775637,24.42466132,37.5,1.62,1.65,1.79,1.4,43200000,0.58,55.76923077,通讯服务,1.04,1,0,48.27
2473.HK,喜相逢集团,2023-11-09 00:00:00,14.71,1.007,1.510027135,9.572205388,230.9090909,1.64,2.18,3.96,1.42,50720000,0.54,49.09090909,可选消费,1.1,1,0,48.27
2429.HK,友宝在线,2023-11-03 00:00:00,11.29,1.41,10.35865022,-35.69576545,25.70048309,14.58,12.5,14.98,12.32,4700500,4.23,40.86956522,日常消费,10.35,0,0,48.27
2517.HK,锅圈,2023-11-02 00:00:00,4.34,1.33,5.638969236,63.63448027,4.013377926,5.98,5.98,6.22,5.98,4432800,0,0,日常消费,5.98,0,0,23.71
1519.HK,极兔速递-W,2023-10-27 00:00:00,1.36,1.91,-2.79816581,8.189287316,3.333333333,12,12,12.2,11.8,21003699,0,0,工业,12,0,0,23.71
2451.HK,绿源集团控股,2023-10-12 00:00:00,7.66,0.9,4.170991476,24.0243879,11.39755767,7.44,7.34,8.05,7.21,9701000,0.07,0.949796472,可选消费,7.37,0,0,17.5
9676.HK,十月稻田,2023-10-12 00:00:00,1.31,1.26,-168.9934405,-31.86027102,21.74479167,18.84,16.6,19.94,16.6,1915800,3.48,22.65625,日常消费,15.36,0,0,17.5
2501.HK,迈越科技,2023-10-11 00:00:00,2.46,1.16,4.10209411,14.92629372,50.84745763,1.63,1.23,1.69,1.09,51522000,0.45,38.13559322,信息技术,1.18,1,0,17.5
1973.HK,天图投资,2023-10-06 00:00:00,0.26,1.28,0.414036332,5.401596378,15.84615385,4.88,5.39,5.52,4.49,2049600,-1.62,-24.92307692,金融,6.5,1,0,17.5
9686.HK,熙康云医院,2023-09-28 00:00:00,0.9,1.15,-4.525690211,-8.453645987,20.58823529,2.72,3.69,3.7,2.72,6301000,-2.04,-42.85714286,信息技术,4.76,1,0,20.71
6682.HK,第四范式,2023-09-28 00:00:00,11.4,1.57,-15.39969474,-14.74261556,15.37769784,58.5,63.1,65,56.45,1745800,2.9,5.215827338,信息技术,55.6,1,0,20.71
9890.HK,贪玩,2023-09-28 00:00:00,104,1.67,3.859426027,13.00139483,7.285714286,14,13.78,14.5,13.48,5412400,0,0,通讯服务,14,0,0,20.71
9690.HK,途虎-W,2023-09-26 00:00:00,2.67,2.3,-1.132043746,-10.04594687,6.428571429,29.5,28,29.8,28,3787600,1.5,5.357142857,可选消费,28,0,0,20.71
2496.HK,友芝友生物-B,2023-09-25 00:00:00,13.81,1.57,17.69566025,-14.60524875,5,16,16.4,16.8,16,1519600,0,0,医疗保健,16,0,0,20.71
2490.HK,乐舱物流,2023-09-25 00:00:00,4.77,1.53,1.471719767,3.395532541,4.873294347,5.1,5.13,5.13,4.88,2709000,-0.03,-0.584795322,工业,5.13,0,0,20.71
1541.HK,宜明昂科-B,2023-09-05 00:00:00,9.98,1.06,8.351990128,-16.15324651,14.51612903,19.52,21.2,22,19.3,894500,0.92,4.946236559,医疗保健,18.6,0,0,31.06
2271.HK,众安智慧生活,2023-07-18 00:00:00,1.84,1.63,5.985283698,10.77662008,8.474576271,1.21,1.22,1.22,1.12,38124000,0.03,2.542372881,房地产,1.18,0,0,51.73
1284.HK,新传企划,2023-07-17 00:00:00,44.2,1.5,,,,,,,,,,,通讯服务,,0,0,51.73
6683.HK,巨星传奇,2023-07-13 00:00:00,12.99,1.15,16.09509279,62.24445114,25.88235294,5.26,5.75,6.3,5.2,22968700,1.01,23.76470588,可选消费,4.25,0,0,16.16
3650.HK,KEEP,2023-07-12 00:00:00,3.08,1.37,-1.813202118,-130.2468983,11.92946058,29,30.3,32,28.55,1890200,0.08,0.276625173,信息技术,28.92,0,0,16.16
6990.HK,科伦博泰生物-B,2023-07-11 00:00:00,1.27,3.4,-3.734929043,-19.55785643,6.435643564,62.5,60.6,64.5,60.6,2002300,1.9,3.135313531,医疗保健,60.6,0,0,16.16
2481.HK,慧居科技,2023-07-10 00:00:00,1.54,1.35,1.333866263,10.05772869,8.333333333,3.6,3.6,3.62,3.32,10561000,0,0,信息技术,3.6,0,0,16.16
9860.HK,艾迪康控股,2023-06-30 00:00:00,1.06,1.8,17.45823913,13.09955823,14.44805195,13.8,12.32,13.8,12.02,3373000,1.48,12.01298701,医疗保健,12.32,0,0,26.46
2105.HK,来凯医药-B,2023-06-29 00:00:00,5.81,1.09,-2.74369456,-6.687582165,24.01289283,15,12.44,15.4,12.42,2822000,2.59,20.87026591,医疗保健,12.41,0,0,17.5
9885.HK,药师帮,2023-06-28 00:00:00,5.6,2.08,-2.739400554,-8.006064322,13.75,21.1,23.05,23.3,20.55,3722800,1.1,5.5,医疗保健,20,1,0,17.5
2487.HK,科笛-B,2023-06-12 00:00:00,1.41,1.07,-4.782969767,-10.72455139,13.95881007,21.95,21.8,22.05,19,1319600,0.1,0.457665904,医疗保健,21.85,1,0,36.22
9930.HK,宏信建发,2023-05-25 00:00:00,0.12,1.47,1.373399872,13.75380969,13.49557522,3.21,3.26,3.74,3.13,3544610,-1.31,-28.98230088,工业,4.52,0,0,26.2
2416.HK,易点云,2023-05-25 00:00:00,0.35,1.2,-2.652986489,-8.286575258,8.047105005,9.88,9.46,9.98,9.16,1171000,-0.31,-3.042198234,信息技术,10.19,0,0,26.2
2486.HK,普乐师集团控股,2023-05-11 00:00:00,2.2,1.2,2.578929831,16.95540421,33.96226415,7.99,10.4,10.4,6.8,7290800,-2.61,-24.62264151,通讯服务,10.6,1,0,45.17
2442.HK,怡俊集团控股,2023-05-09 00:00:00,17.27,1.05,4.064364638,13.89974275,17.1875,0.98,0.87,1.06,0.84,48022000,-0.3,-23.4375,工业,1.28,0,0,45.17
2480.HK,绿竹生物-B,2023-05-08 00:00:00,3.25,1.33,4.243904558,-5.48624649,29.26829268,22,31.5,31.6,22,2796200,-10.8,-32.92682927,医疗保健,32.8,1,0,45.17
6979.HK,珍酒李渡,2023-04-27 00:00:00,1.94,3.9,-6.801446828,25.19645775,10.6284658,8.88,9,9.97,8.82,111155200,-1.94,-17.9297597,日常消费,10.82,0,0,37.21
2415.HK,梅斯健康,2023-04-27 00:00:00,9.85,1.47,-25.49957262,-49.95726784,9.56043956,9.2,8.85,9.47,8.6,6280550,0.1,1.098901099,医疗保健,9.1,0,0,37.21
6623.HK,陆控,2023-04-14 00:00:00,,,0.381763806,4.089550661,,34.75,33.5,36.5,33.4,535500,,,金融,,0,0,55.12
9669.HK,北森控股,2023-04-13 00:00:00,16.57,1.51,-1.955722936,-6.288303697,36.2962963,26.1,29.6,29.8,19.02,7265400,-3.6,-12.12121212,信息技术,29.7,1,0,44.72
2405.HK,力盟科技,2023-03-31 00:00:00,13.47,1.45,13.65274736,15.68798582,38.57142857,0.84,0.76,0.88,0.61,74876000,0.14,20,通讯服务,0.7,1,0,44.72
2439.HK,中宝新材,2023-03-31 00:00:00,6.33,,3.101647782,10.74933815,12.38095238,0.68,0.65,0.77,0.64,111442000,-0.37,-35.23809524,材料,1.05,0,0,44.72
2433.HK,中天湖南集团,2023-03-30 00:00:00,10.62,1.01,3.272694827,17.75705095,58.47457627,2.67,2.92,3.09,2.4,47247000,1.49,126.2711864,工业,1.18,1,0,27.74
2409.HK,洲际船务,2023-03-29 00:00:00,1.14,1.09,1.581683867,2.88669172,22.32415902,2.58,3.28,3.31,2.58,37156000,-0.69,-21.10091743,工业,3.27,1,0,27.74
1405.HK,达势股份,2023-03-28 00:00:00,0.45,1.9,7.013069862,-23.72398505,1.413043478,45.95,46,46.5,45.85,1662300,-0.05,-0.108695652,可选消费,46,0,0,27.74
2421.HK,嘉创地产,2023-03-23 00:00:00,,,0.875842876,2.691130221,,1.6,1.76,2,1.49,3033657,,,房地产,,1,0,26.32
9636.HK,九方智投控股,2023-03-10 00:00:00,2.59,1.85,13.46979157,15.48399853,3.411764706,17.14,17.02,17.14,16.56,13967684,0.14,0.823529412,信息技术,17,0,0,13.16
2482.HK,维天运通,2023-03-09 00:00:00,23.09,1.43,6.377187609,2538.482332,6.896551724,2.84,2.81,2.9,2.7,13315000,-0.06,-2.068965517,工业,2.9,0,0,39.72
2450.HK,淮北绿金股份,2023-01-20 00:00:00,12.26,0.95,0.672812385,3.70824324,10.9947644,1.06,1.21,1.27,1.06,47025000,-0.85,-44.5026178,材料,1.91,1,0,94.67
2306.HK,乐华娱乐,2023-01-19 00:00:00,28.68,1.29,-38.69117227,2.717650601,28.92156863,6.03,5.6,6.48,5.3,52467100,1.95,47.79411765,通讯服务,4.08,0,0,98.68
2455.HK,润华服务,2023-01-17 00:00:00,8.74,1.29,1.684490197,8.406305176,8.235294118,1.26,1.38,1.4,1.26,18696000,-0.44,-25.88235294,房地产,1.7,0,0,98.68
2459.HK,升能集团,2023-01-17 00:00:00,9.88,1.2,1.717615862,30.45628968,18.125,1.78,1.68,1.96,1.67,57276500,0.18,11.25,工业,1.6,0,0,98.68
2458.HK,望尘科技控股,2023-01-16 00:00:00,3.4,1.7,5.74000085,52.40737486,17.69230769,5.75,5,6.15,5,3924790,-0.75,-11.53846154,通讯服务,6.5,0,0,98.68
2373.HK,美丽田园医疗健康,2023-01-16 00:00:00,22.12,4.7,32.35571752,59.22901605,25.10351967,29.65,30.5,32.9,28.05,15236000,10.33,53.4679089,医疗保健,19.32,0,0,98.68
2411.HK,百果园集团,2023-01-16 00:00:00,12.2,2.8,2.864114359,26.17580305,20,6,6.52,7.12,6,19622590,0.4,7.142857143,日常消费,5.6,0,0,98.68
2147.HK,正味集团,2023-01-13 00:00:00,18.28,1.33,1.548433748,8.569821616,30.88235294,0.56,0.74,0.77,0.56,196248000,-0.12,-17.64705882,日常消费,0.68,1,0,98.68
2402.HK,亿华通,2023-01-12 00:00:00,0.29,1.84,2.688693554,-37.8397798,3.416666667,60,60,60.5,58.45,1822100,0,0,工业,60,0,1,96.05
2469.HK,粉笔,2023-01-09 00:00:00,33.88,2.3243,-1.914349194,-9.962613653,18.58585859,11.1,10.5,12.1,10.26,11805000,1.2,12.12121212,可选消费,9.9,0,0,96.05
9658.HK,特海国际,2022-12-30 00:00:00,,,-4.217543119,-5.236734213,,9.94,7,14.5,7,20384961,,,可选消费,,0,0,84.27
6922.HK,康沣生物-B,2022-12-30 00:00:00,1.95,1.28,20.23138309,-33.8898952,10.05291005,17.66,18.5,18.9,17,771400,-1.24,-6.560846561,医疗保健,18.9,0,0,84.27
2425.HK,澳亚集团,2022-12-30 00:00:00,2.08,1.16,0.727165392,5.466966434,15,6.37,6.1,6.38,5.42,5765990,-0.03,-0.46875,日常消费,6.4,1,0,84.27
6955.HK,博安生物,2022-12-30 00:00:00,2.12,1.52,5.313209584,-36.57416361,7.878787879,19.8,19.9,21,19.44,1934930,0,0,医疗保健,19.8,0,0,84.27
3896.HK,金山云,2022-12-30 00:00:00,,,0.616140439,-4.112464557,,2.1,1.99,2.15,1.99,4138000,,,信息技术,,0,0,84.27
6698.HK,星空华文,2022-12-29 00:00:00,5.12,1.47,3.688381188,-42.64731108,63.96226415,45.2,32.55,49.5,32.55,1505600,18.7,70.56603774,通讯服务,26.5,0,0,86.26
2427.HK,GUANZE MEDICAL,2022-12-29 00:00:00,14.23,1.2,8.369982204,59.26575104,141.509434,1.75,1.2,1.92,1.17,63010000,1.22,230.1886792,医疗保健,0.53,0,0,86.26
6929.HK,业聚医疗,2022-12-23 00:00:00,2.01,1.09,5.304286171,-218.5595071,12.5,9.15,8.8,9.15,8.05,4592500,0.35,3.977272727,医疗保健,8.8,0,0,86.26
0314.HK,思派健康,2022-12-23 00:00:00,8.27,1.41,-2.872645781,-4.169609691,24.7311828,25,23.7,26.35,21.75,2174600,6.4,34.40860215,日常消费,18.6,0,0,86.26
2076.HK,BOSS直聘-W,2022-12-22 00:00:00,,,5.352368034,-53.34036316,,78.5,77.85,78.75,77.45,443200,,,信息技术,,0,0,84.62
2145.HK,上美股份,2022-12-22 00:00:00,0.48,1.42,8.609381989,24.13409807,7.142857143,25.2,25.2,26,24.2,1390800,0,0,日常消费,25.2,0,0,84.62
9985.HK,卫龙美味,2022-12-15 00:00:00,15.3,2.6,5.24844273,23.29833861,7.196969697,10.02,10.2,10.78,10.02,20856380,-0.54,-5.113636364,日常消费,10.56,0,0,93.42
2457.HK,步阳国际,2022-12-15 00:00:00,51.22,1.19,1.143923141,6.512492367,26,0.3,0.355,0.425,0.295,219745000,-0.2,-40,可选消费,0.5,1,0,93.42
1244.HK,思路迪医药股份,2022-12-15 00:00:00,5.97,1.26,-2.937186493,-4.583705704,18.41473179,31.45,29,32.3,27.7,1515300,6.47,25.90072058,医疗保健,24.98,0,0,93.42
1947.HK,美皓集团,2022-12-14 00:00:00,41.31,1.37,7.025004972,11.01385138,15.47619048,0.72,0.76,0.82,0.69,67305000,-0.12,-14.28571429,医疗保健,0.84,0,0,93.42
2407.HK,高视医疗,2022-12-12 00:00:00,1.52,1.04,-9.47075952,-32.64377813,6.809338521,51.4,51.2,51.4,47.9,521800,0,0,医疗保健,51.4,0,0,93.42
2440.HK,迷策略,2022-12-12 00:00:00,96.73,1.1,2.404171622,10.70157068,13.91941392,2,2.22,2.38,2,15743000,-0.73,-26.73992674,工业,2.73,0,0,93.42
6963.HK,阳光保险,2022-12-09 00:00:00,0.13,1.34,0.945098075,9.318927275,5.488850772,5.83,5.83,5.83,5.51,59343500,0,0,金融,5.83,0,0,93.42
2245.HK,力勤资源,2022-12-01 00:00:00,1.47,1.4,6.381316402,18.21461111,1.392405063,15.8,15.8,16.02,15.8,16879600,0,0,材料,15.8,0,0,66.5
3660.HK,奇富科技-S,2022-11-29 00:00:00,2.46,5.3,0.893235171,2.348888121,3.897661403,51.75,50.6,51.95,50,284200,1.72,3.437937238,金融,50.03,0,0,66.5
2436.HK,凌雄科技,2022-11-24 00:00:00,6.16,1.12,-3.574652117,-5.020774491,13.02631579,7.8,7.9,7.95,6.96,9315300,0.2,2.631578947,信息技术,7.6,1,0,68.49
1407.HK,交运燃气,2022-11-16 00:00:00,7.15,1.17,5.410429054,7.567387305,24.64788732,1.42,1.52,1.6,1.25,32394000,0,0,公用事业,1.42,1,0,73.1
2420.HK,子不语,2022-11-11 00:00:00,1.91,1.56,9.086246836,16.90174506,40.71246819,8.29,8.36,9.4,6.2,8060000,0.43,5.470737913,可选消费,7.86,1,0,73.1
6696.HK,多想云,2022-11-09 00:00:00,2.81,1.01,8.607901456,23.29925551,84.18367347,2,2.91,3.36,1.71,78714000,0.04,2.040816327,通讯服务,1.96,1,0,15.25
2291.HK,心泰医疗,2022-11-08 00:00:00,2.11,1.38,21.45456812,140.7926563,5.317324185,29.15,29.8,30.65,29.1,3807000,0,0,医疗保健,29.15,0,0,15.25
2367.HK,巨子生物,2022-11-04 00:00:00,2.08,4.22,21.28933541,26.13923961,20.98765432,26.7,26,31.1,26,7243000,2.4,9.87654321,日常消费,24.3,0,0,15.25
6610.HK,飞天云动,2022-10-18 00:00:00,1.05,1.07,7.071011621,44.68953477,15.83710407,2.12,2.21,2.33,1.98,37774000,-0.09,-4.07239819,信息技术,2.21,1,0,2.74
2422.HK,润歌互动,2022-10-17 00:00:00,14.1,1.37,10.42236764,22.08182455,90.625,1.35,1.3,1.67,1.09,73844000,0.71,110.9375,通讯服务,0.64,1,0,2.74
1489.HK,GC CONSTRUCTION,2022-10-10 00:00:00,7.58,1.04,3.860841242,17.57525404,30,0.55,0.62,0.67,0.52,50050000,0.05,10,材料,0.5,1,0,16.14
9877.HK,健世科技-B,2022-10-10 00:00:00,1.52,1.19,7.464976739,-19.25088724,9.712230216,28.25,28,30.5,27.8,1466000,0.45,1.618705036,医疗保健,27.8,0,0,16.14
3931.HK,中创新航,2022-10-06 00:00:00,0.21,2.11,2.278931112,393.227774,3.421052632,38,38,38.45,37.15,47194200,0,0,工业,38,0,0,6.85
6660.HK,艾美疫苗,2022-10-06 00:00:00,3.15,3.27,3.367901017,-23.78521087,10.64356436,16.66,15,16.66,14.94,1170400,0.5,3.094059406,医疗保健,16.16,0,0,6.85
2602.HK,万物云,2022-09-29 00:00:00,0.82,3.3,4.436820833,26.32186218,10.94224924,46,45.6,47.45,42.05,18858434,-3.35,-6.788247214,房地产,49.35,0,0,16.44
9863.HK,零跑汽车,2022-09-29 00:00:00,0.16,2.33,4.122064889,-10.47287311,26.97916667,31.9,41,41,28.05,22868600,-16.1,-33.54166667,可选消费,48,1,0,16.44
2350.HK,数科集团,2022-09-26 00:00:00,151.3,1.1,5.035214013,8.199669897,40,0.62,0.9,0.92,0.58,113730000,-0.23,-27.05882353,信息技术,0.85,1,0,16.44
1698.HK,腾讯音乐-SW,2022-09-21 00:00:00,,,1.01611138,16.87939133,,18.22,18,18.3,18,396800,,,通讯服务,,0,0,24.66
9886.HK,叮当健康,2022-09-14 00:00:00,7.2,1.7,-5.038366926,-8.340457563,2.833333333,12,12.34,12.34,12,4346000,0,0,日常消费,12,0,0,18.67
2315.HK,百奥赛图-B,2022-09-01 00:00:00,5.93,1.6,6.76121686,-15.45640526,13.28310864,26,26.3,28.8,25.45,2302000,0.78,3.092783505,医疗保健,25.22,0,1,27.1
1880.HK,中国中免,2022-08-25 00:00:00,1.06,4.7,9.070192279,27.29611487,24.87341772,158,120,159.3,120,6705900,0,0,可选消费,158,0,1,21.52
2152.HK,苏新服务,2022-08-24 00:00:00,0.71,1.2,1.278914399,12.66237086,7.209302326,8.59,8.2,8.62,8,1224500,-0.01,-0.11627907,房地产,8.6,0,0,21.52
2321.HK,双财庄,2022-08-19 00:00:00,19.2,2.1,3.701483689,17.2907997,64.28571429,0.79,0.8,1.04,0.68,216050500,0.23,41.07142857,日常消费,0.56,1,0,21.52
2562.HK,狮腾控股,2022-08-15 00:00:00,,,,,0,10,10,10,10,115000,0,0,金融,10,0,0,26.71
9857.HK,柠萌影视,2022-08-10 00:00:00,0.81,1.38,-6.016877943,130.6322253,4.324324324,27,27.75,27.75,26.55,1673900,-0.75,-2.702702703,通讯服务,27.75,0,0,26.71
2237.HK,中国石墨,2022-07-18 00:00:00,26.51,1.06,5.116121942,19.38014815,253.8461538,0.79,0.44,1.2,0.375,700536000,0.465,143.0769231,材料,0.325,1,0,37.68
2172.HK,微创脑科学,2022-07-15 00:00:00,45.27,2.14,-66.98856213,484.8563947,4.261363636,24.6,24.7,25.4,24.35,3266918,-0.04,-0.162337662,医疗保健,24.64,0,0,37.68
1204.HK,博维智慧,2022-07-15 00:00:00,10.69,1.03,3.611968049,25.41348998,25,1.22,1.14,1.35,1.08,40732000,0.14,12.96296296,信息技术,1.08,0,0,37.68
2418.HK,德银天下,2022-07-15 00:00:00,0.42,1.41,1.307691725,8.812576568,12.22222222,1.8,1.75,1.82,1.6,18556500,0,0,工业,1.8,0,0,37.68
9696.HK,天齐锂业,2022-07-13 00:00:00,9.3,5.2,7.664013444,30.15269076,11.40243902,82,74.5,82,72.65,40339900,0,0,材料,82,0,1,55.1
6661.HK,湖州燃气,2022-07-13 00:00:00,8.08,1.18,0.970120223,7.64916384,10.36184211,5.6,5.98,6.13,5.5,5512500,-0.48,-7.894736842,公用事业,6.08,0,0,55.1
6686.HK,诺亚控股,2022-07-13 00:00:00,3.26,5.9,0.910622283,5.571825706,5.410958904,279,285,286.4,270.6,47000,-13,-4.452054795,金融,292,0,0,55.1
9896.HK,名创优品,2022-07-13 00:00:00,1.4,4.84,2.06121935,22.71143513,3.913043478,13.38,13.2,13.66,13.12,4112000,-0.42,-3.043478261,可选消费,13.8,0,0,55.1
2385.HK,读书郎,2022-07-12 00:00:00,1.73,1.62,8.002399957,25.22490979,26.97368421,7.2,5.4,7.45,5.4,7787200,-0.4,-5.263157895,信息技术,7.6,0,0,55.1
2361.HK,中康控股,2022-07-12 00:00:00,2.21,1.36,4.730750519,25.02190248,22.57462687,5.36,4.74,5.8,4.59,21540500,0,0,医疗保健,5.36,0,0,55.1
2376.HK,鲁商服务,2022-07-08 00:00:00,7.39,1.2,1.615892869,6.370573976,17.39864865,4.43,5.01,5.33,4.3,18134500,-1.49,-25.16891892,房地产,5.92,1,0,55.1
2392.HK,玄武云,2022-07-08 00:00:00,42.13,2.09,10.08048779,198.2347755,10.25641026,6.28,6.24,6.55,5.91,11897500,0.04,0.641025641,信息技术,6.24,0,0,55.1
2297.HK,润迈德-B,2022-07-08 00:00:00,6.35,1.34,-6.399313849,-7.952966199,17.62820513,5.28,5.6,6.1,5,5633000,-0.96,-15.38461538,医疗保健,6.24,1,0,55.1
9955.HK,智云健康,2022-07-06 00:00:00,7.89,2.15,-1.896193898,-3.270168044,20.81967213,28.2,30.5,30.7,24.35,4275800,-2.3,-7.540983607,医疗保健,30.5,1,0,65.49
2391.HK,涂鸦智能-W,2022-07-05 00:00:00,9.95,1.3,1.285747305,-8.162432901,3.316062176,19.3,19.56,19.94,19.3,403400,0,0,信息技术,19.3,0,0,65.49
2372.HK,伟立控股,2022-06-30 00:00:00,11.37,1.29,4.080026139,11.54679295,15.87301587,0.63,0.7,0.73,0.63,85252700,0,0,材料,0.63,1,0,60.28
2167.HK,天润云,2022-06-30 00:00:00,1.17,1.27,8.247803171,102.5170735,0.155642023,12.84,12.84,12.86,12.84,4948000,-0.01,-0.077821012,信息技术,12.85,0,0,60.28
2246.HK,快狗打车,2022-06-24 00:00:00,4.05,1.4,-4.053568997,-9.640140282,29.90697674,16.72,21.5,23.15,16.72,15191400,-4.78,-22.23255814,工业,21.5,1,0,60.28
6667.HK,美因基因,2022-06-22 00:00:00,9.62,2.05,5.069512262,44.5580711,16.66666667,18,19.48,21,18,3858800,0,0,医疗保健,18,0,0,36.82
2347.HK,友和集团,2022-06-10 00:00:00,8.37,1.23,13.33401062,-4666.666667,21.42857143,2.1,2.28,2.45,2,49114000,0,0,可选消费,2.1,1,0,76.93
2325.HK,云康集团,2022-05-18 00:00:00,1.35,1.39,2.935454697,11.18680322,24.08111534,8.5,7.89,8.5,6.6,31186000,0.61,7.73130545,医疗保健,7.89,1,0,22.73
2423.HK,贝壳-W,2022-05-11 00:00:00,,,1.423928048,-181.9516244,,30.75,30,32.45,30,509300,,,房地产,,0,0,7.58
2352.HK,东原仁知服务,2022-04-29 00:00:00,4.35,1.56,2.602616689,5.039071912,6.554621849,11.9,11.9,12.2,11.42,3123600,0,0,房地产,11.9,0,0,29.29
2390.HK,知乎-W,2022-04-22 00:00:00,1,4.37,0.970416728,-5.028593273,8.265751716,24.5,24.95,26.1,23.45,4063808,-7.56,-23.58078603,信息技术,32.06,0,0,31.82
9638.HK,法拉帝,2022-03-31 00:00:00,1.07,2.06,1.736169114,23.04154678,3.933566434,22.85,23.05,23.75,22.85,8018900,-0.03,-0.131118881,可选消费,22.88,0,0,26.58
2179.HK,瑞科生物-B,2022-03-31 00:00:00,10.65,1.39,5.910965774,-15.04168425,5.241935484,25.25,25,25.8,24.5,3440000,0.45,1.814516129,医疗保健,24.8,0,0,26.58
2370.HK,力高健康生活,2022-03-31 00:00:00,1.99,1.14,6.524325448,26.35449907,49.75609756,5.18,4.55,6.55,4.51,3412000,1.08,26.34146341,房地产,4.1,0,0,26.58
0587.HK,海螺环保,2022-03-30 00:00:00,,,6.028320997,25.21938312,,9.77,10,15.1,9.77,62784805,,,工业,,0,0,26.58
6655.HK,华新建材,2022-03-28 00:00:00,,,0.88498926,4.410472874,,13.8,14.74,14.74,11.2,1573738,,,材料,,1,1,26.58
6639.HK,瑞尔集团,2022-03-22 00:00:00,1.74,1.62,-2.713494292,-11.31658671,11.08071135,13.8,14.6,14.6,12.98,6071998,-0.82,-5.60875513,医疗保健,14.62,1,0,17.26
0816.HK,金茂服务,2022-03-10 00:00:00,1.2,1.4,21.87631052,24.017516,26.9041769,5.8,7.4,7.4,5.21,29812837,-2.34,-28.74692875,房地产,8.14,1,0,26.56
9866.HK,蔚来-SW,2022-03-10 00:00:00,,,6.334096441,-20.79545784,,158.9,160,169.5,158.8,315020,,,可选消费,,0,0,26.56
2157.HK,乐普生物-B,2022-02-23 00:00:00,5.65,1.53,11.57149675,-9.576727634,8.976157083,7.14,7.13,7.34,6.7,15827000,0.01,0.140252454,医疗保健,7.13,0,0,60.97
9878.HK,汇通达网络,2022-02-18 00:00:00,1.67,2.0497,-6.717389414,-59.04592994,5.813953488,45.1,43.55,45.5,43,5906700,2.1,4.88372093,信息技术,43,0,0,60.97
1406.HK,清晰医疗,2022-02-18 00:00:00,6.17,1.13,9.56593038,21.5270206,9.375,1.54,1.59,1.61,1.46,42495000,-0.06,-3.75,医疗保健,1.6,0,0,60.97
2121.HK,创新奇智,2022-01-27 00:00:00,13.89,2.62,5.021062547,-14.07925186,28.13688213,19.6,26.3,27,19.6,20964700,-6.7,-25.47528517,信息技术,26.3,1,0,75
2250.HK,小黄鸭德盈,2022-01-17 00:00:00,7.31,1.24,15.90406984,37.97086253,20.97560976,2.39,2.6,2.77,2.34,98218000,0.34,16.58536585,通讯服务,2.05,1,0,56.93
6680.HK,金力永磁,2022-01-14 00:00:00,2.39,1.57,6.503412304,42.55118627,8.284023669,28.2,30.8,30.8,28,29991800,-5.6,-16.56804734,材料,33.8,0,1,56.93
2260.HK,环龙控股,2022-01-11 00:00:00,13.66,1.31,2.271057686,9.628032551,20.49180328,1.23,1.27,1.48,1.23,96972000,0.01,0.819672131,可选消费,1.22,0,0,42.49
2285.HK,泉峰控股,2021-12-30 00:00:00,7.49,7.27,13.33311199,78.07019639,14.44954128,56,51.8,57.3,51,16248690,12.4,28.44036697,可选消费,43.6,0,0,29.14
2257.HK,圣诺医药-B,2021-12-30 00:00:00,5.68,1.22,-9.370835106,-20.21648706,21.85128983,77.9,65.9,79.2,64.8,1252800,12,18.20940819,医疗保健,65.9,0,0,29.14
0020.HK,商汤-W,2021-12-30 00:00:00,5.18,1.5,-5.491145386,-9.515289849,21.81818182,4.13,3.91,4.74,3.9,329966696,0.28,7.272727273,信息技术,3.85,0,0,29.14
2185.HK,百心安-B,2021-12-23 00:00:00,1.52,1.16,5.894489919,-12.67705645,10.02352941,20.1,18.88,20.45,18.32,3952000,-1.15,-5.411764706,医疗保健,21.25,0,0,15.52
2270.HK,德商产投服务,2021-12-17 00:00:00,1.37,1.17,6.579881862,12.35168654,13.51351351,1.05,1.16,1.2,1.05,15228000,-0.06,-5.405405405,房地产,1.11,0,0,15.52
2276.HK,康耐特光学,2021-12-16 00:00:00,1.78,1.12,3.23793538,12.71697848,10.76233184,4.55,4.43,4.69,4.21,9628500,0.09,2.01793722,可选消费,4.46,0,0,36.55
6633.HK,青瓷游戏,2021-12-16 00:00:00,3.64,1.77,28.74502183,59.35347277,14.91071429,10.68,10.2,10.92,9.25,8292100,-0.52,-4.642857143,通讯服务,11.2,0,0,36.55
9699.HK,顺丰同城,2021-12-14 00:00:00,2.93,2.41,32.03042333,-15.44981124,9.987819732,14.9,15.2,15.4,13.76,26639200,-1.52,-9.257003654,工业,16.42,0,0,36.55
2279.HK,雍禾医疗,2021-12-13 00:00:00,160.06,8.39,17.89010578,44.47640739,17.21518987,16.6,15.76,18.38,15.66,61374598,0.8,5.063291139,医疗保健,15.8,0,0,36.55
6821.HK,凯莱英,2021-12-10 00:00:00,1.61,4.5,13.67724583,113.8238655,5.515463918,370,388,388,366.6,2786448,-18,-4.639175258,医疗保健,388,0,1,36.55
2273.HK,固生堂,2021-12-10 00:00:00,2.84,4.4,-4.960490466,-21.98802487,19.31034483,29,33.4,34.25,28.65,9745100,0,0,医疗保健,29,1,0,36.55
1228.HK,北海康成-B,2021-12-10 00:00:00,1.97,2.8,-1.819995635,-3.755660527,11.33004926,8.9,9.8,9.99,8.61,29094750,-3.28,-26.92939245,医疗保健,12.18,1,0,36.55
9898.HK,微博-SW,2021-12-08 00:00:00,2.67,5.5,2.825293995,25.35686124,2.126099707,253.2,256.2,258.8,253,820980,-19.6,-7.184750733,信息技术,272.8,0,0,26.67
9899.HK,网易云音乐,2021-12-02 00:00:00,8.92,1.7,-6.586649418,-11.84287717,2.585365854,199.9,205,205.2,199.9,2253756,-5.1,-2.487804878,通讯服务,205,0,0,30
2265.HK,鸿承环保科技,2021-11-12 00:00:00,24.26,1.02,7.216957521,10.51111508,15.68627451,0.91,1.04,1.05,0.89,51975000,-0.11,-10.78431373,工业,1.02,1,0,48.99
9956.HK,安能物流,2021-11-11 00:00:00,2.8,2.78,-2.201703725,60.4710021,7.636887608,13.48,13.88,13.88,12.82,18019500,-0.4,-2.88184438,工业,13.88,0,0,23.47
2210.HK,京城佳业,2021-11-10 00:00:00,2.88,1.41,2.600328255,17.73133196,5.917874396,8.26,8.28,8.3,7.81,3624390,-0.02,-0.241545894,房地产,8.28,0,0,23.47
1948.HK,优矩控股,2021-11-08 00:00:00,4.56,2.07,13.93227458,24.26732142,7.164179104,6.4,6.7,6.72,6.24,19203000,-0.3,-4.47761194,通讯服务,6.7,0,0,23.47
2251.HK,鹰瞳科技-B,2021-11-05 00:00:00,6.18,2.9,14.52028556,-74.03270892,12.58322237,68,67.6,74.95,65.5,11495800,-7.1,-9.454061252,医疗保健,75.1,0,0,23.47
2197.HK,三叶草生物-B,2021-11-05 00:00:00,4.4,3.21,-12.87400187,-13.8589519,10.01494768,12.98,13.38,13.56,12.22,33982000,-0.4,-2.989536622,医疗保健,13.38,0,0,23.47
2252.HK,微创机器人-B,2021-11-02 00:00:00,163.83,16,25.4645737,-175.9037168,22.68518519,45.8,39.8,49.4,39.6,21828589,2.6,6.018518519,医疗保健,43.2,0,0,40.89
2235.HK,微泰医疗-B,2021-10-19 00:00:00,6.79,4.9,14.92348255,-89.84464573,3.278688525,30.5,31,31.45,30.45,6776600,0,0,医疗保健,30.5,0,0,40.46
2256.HK,和誉-B,2021-10-13 00:00:00,5.64,4.65,,,,,,,,,,,医疗保健,,0,0,33.95
9889.HK,东莞农商银行,2021-09-29 00:00:00,0.22,1.18,1.323281027,9.847961942,23.86363636,8.25,8,8.4,6.51,29200300,0.33,4.166666667,金融,7.92,1,0,15
6628.HK,创胜集团-B,2021-09-29 00:00:00,60.7,2.1,-6.079636883,-15.67298076,7.875,13.24,13,13.34,12.08,11079000,-2.76,-17.25,医疗保健,16,0,0,15
2216.HK,堃博医疗-B,2021-09-24 00:00:00,11.13,4.1,-8.438768898,-21.08301421,18.18181818,15,18,18,14.6,19821500,-3.7,-19.78609626,医疗保健,18.7,1,0,15
9869.HK,海伦司,2021-09-10 00:00:00,30.8,25.58,159.1220946,363.874389,13.90996459,24.3,23.05,25.75,23,71467900,4.53,22.91350531,可选消费,19.77,0,0,48.93
6669.HK,先瑞达医疗-B,2021-08-24 00:00:00,654.51,4.86,-16.51972417,-105.8845666,5.798319328,17.6,18.32,18.38,17,31056400,-6.2,-26.05042017,医疗保健,23.8,0,0,24.14
6609.HK,心玮医疗-B,2021-08-20 00:00:00,333.14,8.3,6.188010382,-19.73337698,9.356725146,129,141.2,143.8,127.8,2053800,-42,-24.56140351,医疗保健,171,0,0,24.14
2015.HK,理想汽车-W,2021-08-12 00:00:00,5.5,7.9,6.779352993,-1332.276812,2.542372881,117,118,118.5,115.5,5750078,-1,-0.847457627,可选消费,118,0,0,15.5
6611.HK,三巽集团,2021-07-19 00:00:00,3.22,1.29,2.783979261,7.184533278,0.421052632,4.75,4.76,4.77,4.75,11212000,0,0,房地产,4.75,0,0,32.28
9960.HK,康圣环球,2021-07-16 00:00:00,543.03,13.81,-3.737025828,-7.07412137,7.668711656,9.04,9.78,9.78,9.03,97344700,-0.74,-7.566462168,医疗保健,9.78,0,0,32.28
6616.HK,环球新材国际,2021-07-16 00:00:00,10.79,1.16,3.065182506,24.43587937,16.92307692,3.7,4.1,4.25,3.7,92018100,0.45,13.84615385,材料,3.25,0,0,32.28
2175.HK,中国通才教育,2021-07-16 00:00:00,4.12,1.47,1.527430154,11.44005716,11.11111111,3.69,3.29,3.7,3.29,22594000,0,0,可选消费,3.69,0,0,32.28
2205.HK,康桥悦生活,2021-07-16 00:00:00,23.72,1.55,14.69197007,24.26370139,7.336956522,3.64,3.68,3.69,3.42,55191001,-0.04,-1.086956522,房地产,3.68,0,0,32.28
2215.HK,德信服务集团,2021-07-15 00:00:00,3.08,1.31,33.94514828,26.49880029,2.614379085,3.06,3.06,3.14,3.06,20649000,0,0,房地产,3.06,0,0,27.59
2192.HK,医脉通,2021-07-15 00:00:00,592.41,31.2,118.9273884,211.3603952,15.44117647,31,28.9,32.5,28.3,115437252,3.8,13.97058824,医疗保健,27.2,0,0,27.59
6909.HK,百得利控股,2021-07-15 00:00:00,43.92,2.28,1.817657788,11.81957921,31.59090909,5.5,5.9,6.44,5.05,115500000,1.1,25,可选消费,4.4,1,0,27.59
6913.HK,华南职业教育,2021-07-13 00:00:00,6.01,1.99,1.678538592,8.692189742,15.72327044,1.32,1.45,1.55,1.3,87834000,-0.27,-16.98113208,可选消费,1.59,1,0,27.59
2137.HK,腾盛博药-B,2021-07-13 00:00:00,292,12,-7.847211506,-11.46664546,15.50561798,22.95,21.4,23.75,20.3,67365100,0.7,3.146067416,医疗保健,22.25,0,0,27.59
2177.HK,优趣汇控股,2021-07-12 00:00:00,25.45,1.83,2.039977765,-1160.10798,29.93254637,9.04,12.22,12.5,8.95,18602000,-2.82,-23.77740304,可选消费,11.86,1,0,27.59
2165.HK,领悦服务集团,2021-07-12 00:00:00,5.23,1.2,10.20180237,15.14064107,31.26491647,4.19,5.2,5.5,4.19,17721000,0,0,房地产,4.19,1,0,27.59
2209.HK,喆丽控股,2021-07-09 00:00:00,145.3,3.2,8.60714117,15.72759432,46.34146341,3.46,4.83,4.97,3.45,65735220,0.18,5.487804878,可选消费,3.28,1,0,27.59
1965.HK,朗诗绿色生活,2021-07-08 00:00:00,8.01,1.25,11.80025393,23.10787065,97.48427673,4.5,6,7.4,4.3,41167000,1.32,41.50943396,房地产,3.18,1,0,33.05
2162.HK,康诺亚-B,2021-07-08 00:00:00,429.97,21.9,-14.1699208,-18.94678581,25.51594747,68,78,79.8,66.2,42544600,14.7,27.57973734,医疗保健,53.3,1,0,33.05
2219.HK,朝聚眼科,2021-07-07 00:00:00,113.97,17.83,11.06635454,65.72187427,53.77358491,14.1,10.6,16.3,10.6,165726500,3.5,33.01886792,医疗保健,10.6,0,0,33.05
9868.HK,小鹏汽车-W,2021-07-07 00:00:00,14.73,8.54,6.823241482,-85.98982095,5.575757576,165,168,168.5,159.3,10517381,0,0,可选消费,165,0,0,33.05
2190.HK,归创通桥,2021-07-05 00:00:00,1190.37,22.5,38.45411781,-162.5515896,24.12177986,60,55,60.8,50.5,58970950,17.3,40.51522248,医疗保健,42.7,0,0,33.05
0606.HK,中骏商管,2021-07-02 00:00:00,1.3,3.65,12.90589198,43.23613457,9.459459459,4,3.81,4.1,3.75,97993920,0.3,8.108108108,房地产,3.7,0,0,33.05
0013.HK,和黄医药,2021-06-30 00:00:00,5.23,5,13.63264876,-52.49171548,86.28428928,60.3,51.4,85.8,51.2,34711253,20.2,50.37406484,医疗保健,40.1,0,0,63.13
2150.HK,奈雪的茶,2021-06-30 00:00:00,432.03,18.18,-58.22820799,-122.4193615,11.61616162,17.12,18.86,18.98,16.68,150646900,-2.68,-13.53535354,可选消费,19.8,1,0,63.13
6626.HK,越秀服务,2021-06-28 00:00:00,9.88,2.4,9.880823835,30.49746885,4.713114754,4.88,4.8,4.93,4.7,72173939,0,0,房地产,4.88,0,0,63.13
2155.HK,森松国际,2021-06-28 00:00:00,23.71,2.36,7.503261505,25.88453444,233.8709677,8.9,4.96,10.76,4.96,172411298,6.42,258.8709677,工业,2.48,0,0,63.13
9858.HK,优然牧业,2021-06-18 00:00:00,3.73,3.88,2.512124679,14.65266254,14.04011461,6.15,6.28,6.33,5.35,204823611,-0.83,-11.89111748,日常消费,6.98,1,0,45.52
2171.HK,科济药业-B,2021-06-18 00:00:00,434.57,8.2,-8.546513271,-13.46277305,17.98780488,30,27.05,32.5,26.6,54398452,-2.8,-8.536585366,医疗保健,32.8,0,0,45.52
6699.HK,时代天使,2021-06-16 00:00:00,2079.16,114.7,111.5391077,371.3575971,66.47398844,401,400,490,375,14863173,228,131.7919075,医疗保健,173,0,0,59.22
9982.HK,中原建业,2021-05-31 00:00:00,4.99,1.72,7.268171888,10.74427079,12.66666667,2.64,2.5,2.78,2.4,85581096,-0.36,-12,房地产,3,0,0,68.96
2618.HK,京东物流,2021-05-28 00:00:00,715.61,10.8,-41.58052602,-51.71593734,16.10505451,41.7,46.05,47.75,41.25,158666916,1.34,3.32011893,工业,40.36,1,0,68.96
3658.HK,新希望服务,2021-05-25 00:00:00,4.75,1.78,17.70190808,23.43128214,6.315789474,3.82,3.8,3.95,3.71,21324000,0.02,0.526315789,房地产,3.8,0,0,51.43
6622.HK,兆科眼科-B,2021-04-29 00:00:00,56,5.3,-8.64627772,-8.872097755,7.857142857,14.32,15.52,15.6,14.28,41422944,-2.48,-14.76190476,医疗保健,16.8,0,0,57.46
9961.HK,携程集团-S,2021-04-19 00:00:00,17.78,5.06,1.486843549,-45.95340237,2.23880597,280.2,281,281.2,275.2,3543276,12.2,4.552238806,可选消费,268,0,0,54.66
9959.HK,联易融科技-W,2021-04-09 00:00:00,98.46,14.83,-11.0574264,-51.34903723,8.077360637,19.32,19.32,19.98,18.56,206147665,1.74,9.897610922,信息技术,17.58,0,0,49.61
6608.HK,百融云-W,2021-03-31 00:00:00,150.67,36.3,-8.730686908,-100.6742058,8.805031447,26.7,29.45,29.45,26.65,41548969,-5.1,-16.03773585,信息技术,31.8,0,0,35.47
6939.HK,美佳音控股,2021-03-31 00:00:00,22.43,1.71,3.243202144,19.6138713,13.49206349,1.34,1.39,1.46,1.29,70844000,0.08,6.349206349,信息技术,1.26,0,0,35.47
2195.HK,盈汇企业控股,2021-03-31 00:00:00,21.65,1.08,6.098124365,8.744733286,15.17857143,0.33,0.4,0.41,0.325,105215000,-0.23,-41.07142857,工业,0.56,1,0,35.47
9626.HK,哔哩哔哩-W,2021-03-29 00:00:00,174.19,11.9,33.71896105,-85.09164506,5.816831683,800,790,800,753,3285624,-8,-0.99009901,信息技术,808,0,0,35.47
2187.HK,智欣集团控股,2021-03-26 00:00:00,25.24,,3.996667185,10.65614109,32,1.06,1.45,1.52,1.04,64056000,-0.44,-29.33333333,材料,1.5,1,0,35.47
9888.HK,百度集团-SW,2021-03-23 00:00:00,112.01,10,3.284025049,26.6989249,1.984126984,252,254,256.6,251.6,14625056,0,0,信息技术,252,0,0,46.61
1927.HK,久久王,2021-03-16 00:00:00,214.36,1.14,1.406478777,8.317491356,42.66666667,0.55,0.69,0.82,0.5,492150000,-0.2,-26.66666667,日常消费,0.75,1,0,32.56
2518.HK,汽车之家-S,2021-03-15 00:00:00,10.71,4,4.339188493,22.45998203,3.630175837,180,181,184.6,178.2,3664656,3.7,2.098695406,信息技术,176.3,0,0,32.56
1413.HK,铸帝控股,2021-03-11 00:00:00,54.29,1.05,5.196604885,10.93522183,21.2962963,0.42,0.51,0.52,0.405,343420000,-0.12,-22.22222222,工业,0.54,1,0,48.52
6601.HK,朝云集团,2021-03-10 00:00:00,172.32,13.8,36.2008898,40.06717544,15.10869565,7.99,7.89,8.71,7.32,216151500,-1.21,-13.15217391,可选消费,9.2,0,0,48.52
6127.HK,昭衍新药,2021-02-26 00:00:00,310,26,25.72508296,100.4954332,6.622516556,138,148,148,138,11667405,-13,-8.609271523,医疗保健,151,0,1,45.27
1473.HK,环联连讯,2021-02-19 00:00:00,64.15,1.01,5.841554018,21.22697919,37.5,0.71,0.67,0.87,0.66,401916000,0.15,26.78571429,通讯服务,0.56,0,0,87.76
2170.HK,贝康医疗-B,2021-02-08 00:00:00,402.8,21.8,22.09793273,-7.088430224,17.36111111,27.7,30,32.25,27.5,50895361,0.34,1.242690058,医疗保健,27.36,0,0,55.14
2161.HK,健倍苗苗,2021-02-05 00:00:00,22.47,,2.936670713,47.05674419,144.1666667,2.16,1.48,3.2,1.47,340447648,0.96,80,医疗保健,1.2,0,0,55.14
1024.HK,快手-W,2021-02-05 00:00:00,1204.16,39,-6.481020612,-8.893420957,39.13043478,300,338,345,300,119899748,185,160.8695652,通讯服务,115,1,0,55.14
2160.HK,微创心通-B,2021-02-04 00:00:00,769,54,-108.5723751,-94.14849633,33.44262295,18.82,21.5,22.2,18.12,186931181,6.62,54.26229508,医疗保健,12.2,1,0,36.09
6668.HK,星盛商业,2021-01-26 00:00:00,756.85,9,21.07366418,26.54199418,16.06217617,4,4.4,4.6,3.98,188842000,0.14,3.626943005,房地产,3.86,0,0,80.35
2159.HK,麦迪卫康,2021-01-19 00:00:00,168.75,1.13,3.958201458,30.31855907,40.33333333,3.79,4,4.81,3.6,100585700,0.79,26.33333333,医疗保健,3,1,0,79.9
9608.HK,宋都服务,2021-01-18 00:00:00,25.24,1.31,3.714984956,13.19491947,27.6,0.16,0.225,0.227,0.158,535300000,-0.09,-36,房地产,0.25,1,0,79.9
2146.HK,荣万家,2021-01-15 00:00:00,6.62,1.9,6.161593296,14.82963068,6.240713224,12.36,12.8,13.2,12.36,18914000,-1.1,-8.172362556,房地产,13.46,0,0,79.9
1643.HK,现代中药集团,2021-01-15 00:00:00,30.66,1.004,4.719056604,10.00801925,22.88135593,1.26,1.17,1.4,1.13,83169000,0.08,6.779661017,医疗保健,1.18,0,0,79.9
1490.HK,车市科技,2021-01-15 00:00:00,1274.76,21.7,7.662342355,23.51451617,26.82926829,1.5,1.7,1.83,1.5,285645000,0.27,21.95121951,通讯服务,1.23,1,0,79.9
2125.HK,稻草熊娱乐,2021-01-15 00:00:00,403.54,13.41,26.94322496,327.0422153,89.45578231,10.8,7,11.36,6.1,297221780,4.92,83.67346939,通讯服务,5.88,1,0,79.9
2158.HK,医渡科技,2021-01-15 00:00:00,1633.84,33.4,-14.4197862,-35.57961944,43.91634981,65.2,58.25,69.8,58.25,113267366,38.9,147.9087452,医疗保健,26.3,0,0,79.9
2153.HK,达丰设备,2021-01-13 00:00:00,10.3,1.02,1.604902515,22.03205656,16.1849711,1.58,1.4,1.68,1.4,35519000,-0.15,-8.670520231,工业,1.73,0,0,79.28
2129.HK,LEGION CONSO,2021-01-13 00:00:00,443.37,1.5,2.977181973,17.53913216,37.5,0.35,0.46,0.485,0.335,652243000,-0.05,-12.5,工业,0.4,1,0,79.28
8489.HK,裕程物流,2021-01-13 00:00:00,35.9,1,2.546440837,11.2626219,32.43243243,0.87,0.74,0.98,0.74,102060000,0.13,17.56756757,工业,0.74,0,0,79.28
1440.HK,应星控股,2021-01-13 00:00:00,33.62,,1.973947441,10.04298295,28.75,0.415,0.42,0.46,0.345,95865000,0.015,3.75,可选消费,0.4,1,0,79.28
1855.HK,中庆股份,2021-01-06 00:00:00,36.25,1.01,1.000505129,6.926130209,17.5,2.05,1.99,2.34,1.99,36098000,0.05,2.5,工业,2,0,0,70.26
9600.HK,新纽科技,2021-01-06 00:00:00,446.57,2.4,13.95176129,86.18999032,9.633027523,4.1,4.12,4.52,4.1,187963200,-0.26,-5.963302752,信息技术,4.36,0,0,70.26
2156.HK,建发物业,2020-12-31 00:00:00,,,7.603059213,28.93136055,,3.1,3.05,3.36,2.95,7701600,,,房地产,,0,0,41.42
1379.HK,温岭工量刃具,2020-12-30 00:00:00,27.68,1.06,0.681145962,13.38410774,8.8,6.06,6.14,6.36,5.81,6768500,-0.19,-3.04,房地产,6.25,0,0,41.42
1945.HK,清科控股,2020-12-30 00:00:00,1394,8,39.78754547,90.2915105,40.18181818,11.6,15.82,15.82,11.4,53394318,0.6,5.454545455,金融,11,1,0,41.42
1940.HK,CGII HLDGS,2020-12-29 00:00:00,10.09,1.11,1.335392416,13.01127226,35.03649635,1.62,1.7,1.93,1.45,105759940,0.25,18.24817518,材料,1.37,1,0,41.42
2127.HK,汇森股份,2020-12-29 00:00:00,53.4,,2.041968055,8.511677749,11.29943503,1.8,1.75,1.85,1.65,326768998,0.03,1.694915254,可选消费,1.77,0,0,41.42
2135.HK,瑞丽医美,2020-12-28 00:00:00,386,1.1,8.604957516,80.90938027,37.5,0.435,0.475,0.51,0.36,819968000,0.035,8.75,医疗保健,0.4,1,0,41.42
6690.HK,海尔智家,2020-12-23 00:00:00,,,4.281006215,24.98227451,,25.35,24,26.85,22.6,73267754,,,可选消费,,0,1,54.6
1167.HK,加科思-B,2020-12-21 00:00:00,299.59,10.93,-20.88627781,-23.09865162,17,14.42,15.98,16.5,14.12,63740716,0.42,3,医疗保健,14,1,0,54.6
6677.HK,远洋服务,2020-12-17 00:00:00,8.91,3.07,14.8455766,30.04557099,7.482993197,5.85,5.86,5.86,5.42,57092570,-0.03,-0.510204082,房地产,5.88,0,0,60.97
2131.HK,云想科技,2020-12-17 00:00:00,114.45,6.37,20.65836714,79.78428278,40.97421203,8.12,6.98,9.68,6.82,266573792,1.14,16.33237822,工业,6.98,0,0,60.97
6993.HK,蓝月亮集团,2020-12-16 00:00:00,301.33,12,29.86897753,79.21072225,18.8449848,14.88,15.32,16.5,14.02,470188158,1.72,13.06990881,日常消费,13.16,0,0,60.97
9992.HK,泡泡玛特,2020-12-11 00:00:00,356.74,44,144.0563229,189.2938237,35.71428571,69,77.1,81.75,68,98464984,30.5,79.22077922,可选消费,38.5,1,0,60.97
2142.HK,和铂医药-B,2020-12-10 00:00:00,78.54,8,-7.082836237,-16.10710036,7.431340872,11.02,11.94,11.94,11.02,57898000,-1.36,-10.98546042,医疗保健,12.38,0,0,65.26
6999.HK,领地控股,2020-12-10 00:00:00,0.57,1.39,0.975085839,9.355275914,1.054481547,5.69,5.69,5.75,5.69,8522000,0,0,房地产,5.69,0,0,65.26
1209.HK,华润万象生活,2020-12-09 00:00:00,29.78,11.8,53.49060086,151.208041,25.33632287,28,30.8,32.9,27.25,167261251,5.7,25.56053812,房地产,22.3,1,0,65.26
1153.HK,佳源服务,2020-12-09 00:00:00,2.79,1.63,13.79691322,41.52976939,5.699481865,3.88,3.92,3.92,3.7,23039852,0.02,0.518134715,房地产,3.86,0,0,65.26
6618.HK,京东健康,2020-12-08 00:00:00,421.91,31.1,-671.2608462,-317.0693066,44.34684046,110,94.5,123.9,92.6,156499976,39.42,55.85151601,日常消费,70.58,0,0,65.26
2110.HK,天成控股,2020-12-07 00:00:00,36.79,,4.263684473,15.1889873,142.2222222,0.192,0.285,0.5,0.18,1276890000,-0.033,-14.66666667,工业,0.225,1,0,65.26
6666.HK,恒大物业,2020-12-02 00:00:00,10.71,3.1,48.26642417,91.40351082,4.431818182,8.78,8.84,8.93,8.54,230914935,-0.02,-0.227272727,房地产,8.8,0,0,73.86
6996.HK,德琪医药-B,2020-11-20 00:00:00,264.76,13.5,-19.62237114,-33.79274026,7.743362832,18.28,19.6,19.68,18.28,62460672,0.2,1.10619469,医疗保健,18.08,0,0,77.79
1516.HK,融创服务,2020-11-19 00:00:00,10.42,4.9,103.4661755,140.7901785,23.96551724,14.14,11.6,14.24,11.46,189994869,2.54,21.89655172,房地产,11.6,0,0,83.22
1795.HK,亚东集团,2020-11-18 00:00:00,18.3,0.91,4.699483171,8.470652438,26.19047619,0.83,0.76,0.93,0.71,150633000,-0.01,-1.19047619,可选消费,0.84,0,0,83.22
9666.HK,金科服务,2020-11-17 00:00:00,11.17,4.9,52.50183761,69.15677091,7.382550336,44.7,46.05,48,44.7,25054200,0,0,房地产,44.7,0,0,83.22
1351.HK,辉煌明天,2020-11-11 00:00:00,31.32,1.03,5.040909232,16.89755165,40.90909091,1.45,1.67,1.77,1.32,143968000,0.35,31.81818182,通讯服务,1.1,1,0,80.62
9901.HK,新东方-S,2020-11-09 00:00:00,1.55,6.4,10.87921164,71.94222278,5.798319328,1365,1381,1388,1319,773621,175,14.70588235,可选消费,1190,0,0,80.62
9995.HK,荣昌生物,2020-11-09 00:00:00,53.43,22,-128.9372025,-69.51155973,25.14395393,69.8,60.6,73.7,60.6,35718961,17.7,33.9731286,医疗保健,52.1,0,1,80.62
2126.HK,药明巨诺-B,2020-11-03 00:00:00,449.42,28.5,-7.866983255,-11.70672434,15.12605042,22,24.35,25.45,21.85,48183884,-1.8,-7.56302521,医疗保健,23.8,1,0,28.99
9698.HK,万国数据-SW,2020-11-02 00:00:00,6.42,8.4,10.62621333,-247.4236459,3.709198813,83,81,84,81,12931154,2.12,2.621167161,信息技术,80.88,0,0,28.99
3913.HK,合景悠活,2020-10-30 00:00:00,44.46,16.87,28.57558818,59.44001161,11.66032953,6.08,6.48,7,6.08,203370026,-1.81,-22.94043093,房地产,7.89,0,0,28.99
0873.HK,世茂服务,2020-10-30 00:00:00,13.86,10.9,149.6530088,90.98908849,9.638554217,16.6,15.8,16.6,15,121612694,0,0,房地产,16.6,0,0,28.99
9993.HK,金辉控股,2020-10-29 00:00:00,1.72,1.51,0.928234021,6.228859505,4.651162791,4.36,4.18,4.38,4.18,57219000,0.06,1.395348837,房地产,4.3,0,0,65.25
2096.HK,先声药业,2020-10-27 00:00:00,589.47,23,17.31123425,25.53611622,10.2189781,10.98,11,11.5,10.1,125443931,-2.72,-19.8540146,医疗保健,13.7,0,0,65.25
2169.HK,沧港铁路,2020-10-23 00:00:00,12,1.1,1.822320775,12.76148959,22.10526316,1,0.97,1.13,0.92,124441200,0.05,5.263157895,工业,0.95,0,0,65.25
2107.HK,第一服务控股,2020-10-22 00:00:00,66.69,6.25,6.484884931,20.39709162,12.5,1.76,2,2.06,1.76,178325000,-0.64,-26.66666667,房地产,2.4,1,0,37.8
1597.HK,纳泉能源科技,2020-10-20 00:00:00,77.19,0.1388,4.460884062,10.89590199,6.5,2.07,2.1,2.18,2.05,42478000,0.07,3.5,工业,2,0,0,37.8
2132.HK,誉燊丰控股,2020-10-20 00:00:00,59.05,1.02,3.92993989,10.87789562,15.38461538,0.275,0.3,0.305,0.255,289925000,-0.05,-15.38461538,工业,0.325,1,0,37.8
6989.HK,卓越商企服务,2020-10-19 00:00:00,652.06,33.4,30.27926701,66.23884376,10.48689139,11,11.4,12.04,10.92,153147300,0.32,2.996254682,房地产,10.68,0,0,37.8
8657.HK,TRUE PARTNER,2020-10-16 00:00:00,13.15,1.1,5.329188409,-19.85659129,24.28571429,1.08,1.4,1.4,1.06,26224000,-0.32,-22.85714286,金融,1.4,1,0,37.8
2130.HK,嘉泓物流,2020-10-15 00:00:00,34.31,1.36,2.485353837,28.69060727,8.270676692,2.71,2.66,2.87,2.65,26606000,0.05,1.879699248,工业,2.66,0,0,32.35
9677.HK,威海银行,2020-10-12 00:00:00,0.61,1.32,1.218833969,12.1903876,0.298507463,3.35,3.35,3.36,3.35,95750000,0,0,金融,3.35,0,0,32.35
1952.HK,云顶新耀,2020-10-09 00:00:00,654.41,27,-21.47011998,-86.18414752,11.18181818,72.75,70.55,75.5,69.35,42603070,17.75,32.27272727,医疗保健,55,0,0,32.35
6998.HK,嘉和生物,2020-10-07 00:00:00,1247.52,33,55.00403049,-23.07130417,20.83333333,27.95,29.2,32.2,27.2,98372028,3.95,16.45833333,医疗保健,24,0,0,15.02
9616.HK,东软睿新集团,2020-09-29 00:00:00,300.07,18,6.460512628,26.68216358,31.51125402,6.22,7.8,7.94,5.98,158045200,0,0,可选消费,6.22,1,0,18
2057.HK,中通快递-W,2020-09-29 00:00:00,6.69,5.65,4.723109636,31.88275908,4.036697248,238,244,245.2,236.4,4253374,20,9.174311927,工业,218,0,0,18
9991.HK,宝尊电商-W,2020-09-29 00:00:00,3.6,5.1,7.102574639,64.85886325,3.015681544,84,85,86,83.5,4834195,1.1,1.326899879,信息技术,82.9,0,0,18
1429.HK,天任集团,2020-09-29 00:00:00,26.76,0.972,9.772126231,42.09861601,154.2857143,1,0.9,1.12,0.58,555860002,0.65,185.7142857,工业,0.35,1,0,18
9688.HK,再鼎医药,2020-09-28 00:00:00,3.43,6.9,22.84463483,-34.50743626,2.758007117,610,613.5,617.5,602,1075523,48,8.540925267,医疗保健,562,0,0,18
0909.HK,明源云,2020-09-25 00:00:00,644.25,45,193.083604,237.7490364,42.42424242,30.7,25.8,32,25,313365878,14.2,86.06060606,信息技术,16.5,0,0,18
6988.HK,乐享集团,2020-09-23 00:00:00,1632.92,24,13.06504494,78.09235381,9.027777778,2.7,2.7,2.96,2.7,515646600,-0.18,-6.25,通讯服务,2.88,0,0,33.49
1179.HK,华住集团-S,2020-09-22 00:00:00,3.39,6.6,12.134488,50.61638607,2.895622896,311,305,312,303.4,3113390,14,4.713804714,可选消费,297,0,0,33.49
2101.HK,福禄控股,2020-09-18 00:00:00,1258.51,13.73,12.96205987,40.79099382,17.07865169,9.18,9.3,10.66,9.14,124515000,0.28,3.146067416,信息技术,8.9,0,0,33.49
1455.HK,科利实业控股,2020-09-15 00:00:00,7.7,1.1,8.572141061,38.05701633,125,1.32,0.95,1.32,0.82,147750000,0.92,230,可选消费,0.4,1,0,30.31
1408.HK,濠江机电,2020-09-11 00:00:00,8.99,1.62,14.36934603,36.30831523,155,2.86,2.1,3.55,2,37678000,1.86,186,工业,1,0,0,30.31
9987.HK,百胜中国,2020-09-10 00:00:00,52.32,8.74,6.824431498,29.45129834,5.776699029,390.2,410,410,386.2,7743601,-21.8,-5.291262136,可选消费,412,0,0,32.53
9633.HK,农夫山泉,2020-09-08 00:00:00,1148.3,60,33.57003258,67.0364903,39.76744186,33.1,39.8,39.85,31.3,224974561,11.6,53.95348837,日常消费,21.5,1,0,32.53
9913.HK,智勤控股,2020-08-14 00:00:00,19.15,1.08,2.205867087,10.73205222,20.19230769,0.425,0.385,0.49,0.385,108128000,-0.095,-18.26923077,工业,0.52,0,0,59.23
3347.HK,泰格医药,2020-08-07 00:00:00,414.39,20,20.46930069,103.3345568,8.9,113.3,119,119,110.1,33927611,13.3,13.3,医疗保健,100,0,1,31.01
1449.HK,立德教育,2020-08-06 00:00:00,27.94,3.8,2.417804335,15.86781592,13.80952381,1.85,1.98,1.99,1.7,117357000,-0.25,-11.9047619,可选消费,2.1,1,0,30.85
0368.HK,德合集团,2020-07-17 00:00:00,10.73,1.09,3.595805749,16.62954714,39.68253968,0.7,0.7,0.9,0.65,61140000,0.07,11.11111111,可选消费,0.63,0,0,47.96
9908.HK,嘉兴燃气,2020-07-16 00:00:00,6.73,1.22,3.866816677,15.17473462,42.2,11.04,14.9,14.92,10.7,4428000,1.04,10.4,公用事业,10,1,0,68.18
9668.HK,渤海银行,2020-07-16 00:00:00,0.59,1.2,1.18886628,9.095176705,2.291666667,4.8,4.8,4.82,4.71,176242000,0,0,金融,4.8,0,0,68.18
1981.HK,华夏控股,2020-07-15 00:00:00,34.64,22.13,5.629653531,39.75901938,34.83870968,4.92,4.23,5.23,4.15,227265899,1.82,58.70967742,通讯服务,3.1,0,0,68.18
1156.HK,中科天元,2020-07-15 00:00:00,9.44,1.17,2.648814043,5.839048399,74.48979592,0.7,1.2,1.38,0.65,128472000,-0.28,-28.57142857,工业,0.98,1,0,68.18
9990.HK,祖龙娱乐,2020-07-15 00:00:00,123.01,16,84.17505139,119.9653517,29.48275862,20.3,17,20.3,16.88,144095700,8.7,75,通讯服务,11.6,0,0,68.18
9986.HK,大山教育,2020-07-15 00:00:00,4.09,1.15,9.128864321,16.39135073,14.4,1.12,1.18,1.21,1.03,35856000,-0.13,-10.4,可选消费,1.25,1,0,68.18
6968.HK,港龙中国地产,2020-07-15 00:00:00,0.28,1.3,4.518047528,8.410160694,5.34351145,3.92,3.93,3.94,3.73,18383000,-0.01,-0.254452926,房地产,3.93,0,0,68.18
6933.HK,新娱科控股,2020-07-15 00:00:00,5.59,1.02,4.7224536,12.06198812,10.42944785,1.7,1.75,1.8,1.63,15738000,0.07,4.294478528,通讯服务,1.63,0,0,68.18
9906.HK,宏力医疗管理,2020-07-13 00:00:00,14.99,1.4,5.474833251,26.34967303,16.66666667,2.42,2.6,2.6,2.25,52223000,0.32,15.23809524,医疗保健,2.1,1,0,68.18
8659.HK,易和国际控股,2020-07-13 00:00:00,11.3,1.23,5.180217366,19.92467099,60,0.76,0.66,0.89,0.65,57400000,0.36,90,材料,0.4,0,0,68.18
9979.HK,绿城管理控股,2020-07-10 00:00:00,11.2,5,3.48716943,17.1235396,33.2,3.25,2.65,3.43,2.6,166955357,0.75,30,工业,2.5,0,0,68.18
6958.HK,正荣服务,2020-07-10 00:00:00,102,18.1,44.98904056,47.61259705,20.65934066,5.6,4.86,5.74,4.8,158980001,1.05,23.07692308,房地产,4.55,0,0,68.18
6978.HK,永泰生物-B,2020-07-10 00:00:00,259.58,7,41.03974855,-63.72494003,32.18181818,15.48,13.4,16.86,13.32,73620501,4.48,40.72727273,医疗保健,11,0,0,68.18
8623.HK,中国蜀塔,2020-07-10 00:00:00,29.09,1.14,1.39147801,5.844605104,24,0.217,0.22,0.255,0.183,86350000,-0.083,-27.66666667,工业,0.3,1,0,68.18
1163.HK,虎视传媒,2020-07-10 00:00:00,6.18,,9.977285913,28.7301174,36.04651163,1.07,1.05,1.31,1,124962500,0.21,24.41860465,通讯服务,0.86,0,0,68.18
1477.HK,欧康维视生物-B,2020-07-10 00:00:00,1895.76,76,-9.217373277,-14.52858813,47.40791269,37,43,43,36.05,59068833,22.34,152.3874488,医疗保健,14.66,1,0,68.18
6969.HK,思摩尔国际,2020-07-10 00:00:00,116,18.8,217.0933715,73.37080027,47.98387097,31,28,31,25.05,318622411,18.6,150,可选消费,12.4,1,0,68.18
9989.HK,海普瑞,2020-07-08 00:00:00,69.21,7.3,3.15878037,21.90417602,6.413043478,17.66,18.46,18.68,17.5,103317473,-0.74,-4.02173913,医疗保健,18.4,0,1,78.91
1957.HK,大人国际,2020-07-08 00:00:00,23.5,1.04,1.196738391,6.038080533,20.625,0.345,0.435,0.5,0.335,191950000,-0.455,-56.875,可选消费,0.8,1,0,78.91
1971.HK,弘阳服务,2020-07-07 00:00:00,111.82,,7.578802446,26.69397403,16.14457831,4.4,4.88,4.88,4.21,70213000,0.25,6.024096386,房地产,4.15,1,0,78.91
1502.HK,金融街物业,2020-07-06 00:00:00,146.22,,7.769612363,28.99406339,16.30434783,9.46,9.3,10.08,8.88,77547000,2.1,28.5326087,房地产,7.36,0,0,78.91
1650.HK,HYGIEIA GROUP,2020-07-03 00:00:00,19.92,0.97,4.040405387,17.5890885,52,0.134,0.25,0.26,0.13,424560000,-0.116,-46.4,工业,0.25,1,0,78.91
6078.HK,海吉亚医疗,2020-06-29 00:00:00,608.56,25,-68.97213311,351.4011115,27.2972973,26,22.8,27.7,22.65,78681020,7.5,40.54054054,医疗保健,18.5,0,0,46.85
9958.HK,力天影业,2020-06-22 00:00:00,11.65,2.68,1.282135557,5.54673339,36.328125,1.59,2.4,2.52,1.59,32276000,-0.97,-37.890625,通讯服务,2.56,1,0,65.76
9618.HK,京东集团-SW,2020-06-18 00:00:00,178.9,11.35,7.963623752,53.50146538,4.601769912,234,239,239,228.6,29789263,8,3.539823009,可选消费,226,0,0,60.3
9999.HK,网易-S,2020-06-11 00:00:00,360.53,,6.498516908,18.80436027,4.227642276,130,133,135.2,130,54549198,7,5.691056911,信息技术,123,0,0,82
1645.HK,海纳智能,2020-06-03 00:00:00,168.29,1.9,5.011255943,18.87636922,13.04347826,1.2,1.21,1.38,1.2,102860000,-0.18,-13.04347826,工业,1.38,0,0,21.17
2381.HK,蚬壳电业,2020-06-02 00:00:00,37.3,0.13,1.568121535,6.215971962,28,0.141,0.198,0.2,0.13,1217430000,-0.109,-43.6,可选消费,0.25,1,0,21.27
9923.HK,移卡,2020-06-01 00:00:00,641.38,12,-11.81279508,77.50682608,23.31730769,17.66,14.96,18.8,14.92,102492000,1.02,6.129807692,信息技术,16.64,0,0,21.27
9939.HK,开拓药业-B,2020-05-22 00:00:00,551.32,8,19.24497393,-30.58846765,14.1439206,21.5,20.15,22.95,20.1,68937600,1.35,6.699751861,医疗保健,20.15,0,0,18
8496.HK,环球友饮智能,2020-05-18 00:00:00,16.4,0.96,16.60912746,58.98183557,100,2.06,1.5,2.35,1.45,30565510,1.16,128.8888889,日常消费,0.9,0,0,38.21
9983.HK,建业新生活,2020-05-15 00:00:00,142.52,14.9,24.35352321,38.45719381,11.38686131,8.37,8.42,8.66,7.88,215540000,1.52,22.18978102,房地产,6.85,0,0,38.21
9996.HK,沛嘉医疗-B,2020-05-15 00:00:00,1184.41,,-25.257264,-26.50256742,10.41666667,25.8,26.8,27.15,25.55,93141270,10.44,67.96875,医疗保健,15.36,0,0,38.21
1147.HK,伊登软件,2020-05-13 00:00:00,115.63,1.39,3.033671788,11.89605182,39.2,0.163,0.211,0.255,0.157,861020000,-0.087,-34.8,信息技术,0.25,1,0,48.79
1936.HK,利特米,2020-05-13 00:00:00,5.33,1.04,8.63966012,53.05159427,128,2.76,2.01,2.98,1.7,52224000,1.76,176,日常消费,1,1,0,48.79
1376.HK,RAFFLESINTERIOR,2020-05-07 00:00:00,14.17,1.01,8.789963995,23.51760742,46,0.63,0.74,0.84,0.61,111376000,0.13,26,可选消费,0.5,1,0,60.57
1953.HK,RIMBACO,2020-04-28 00:00:00,15.9,0.92,3.370035031,26.11535782,56.25,0.475,0.58,0.59,0.365,179125000,0.075,18.75,工业,0.4,1,0,33.85
9926.HK,康方生物,2020-04-24 00:00:00,639.2,,-2608.994237,-49.52939689,13.28800989,24.3,23.5,25.5,23.35,98779166,8.12,50.18541409,医疗保健,16.18,0,0,33.85
8616.HK,新威工程集团,2020-04-23 00:00:00,34.7,,4.129521218,26.31578947,72.91666667,0.51,0.375,0.51,0.335,219115000,0.27,112.5,工业,0.24,1,0,31.01
8620.HK,亚洲速运,2020-04-20 00:00:00,196.21,1.09,3.694439099,-64.40251572,83,0.32,0.7,0.7,0.285,352500000,-0.18,-36,工业,0.5,1,0,31.01
3390.HK,满贯集团,2020-04-15 00:00:00,6.79,1.7,6.488678608,14.08760731,24.83221477,0.96,1.28,1.33,0.96,42646000,-0.53,-35.5704698,医疗保健,1.49,1,0,31.56
6063.HK,智中国际,2020-04-15 00:00:00,14.15,1.39,22.16369009,40.40049183,102,0.69,0.5,0.75,0.495,136352000,0.44,176,工业,0.25,0,0,31.56
1942.HK,马可数字科技,2020-04-15 00:00:00,40.04,1.02,2.458296922,12.78404612,33.5,0.5,0.81,0.83,0.495,122928000,-0.5,-50,可选消费,1,1,0,31.56
1463.HK,C-LINK SQ,2020-03-27 00:00:00,11.15,1.07,7.560138313,27.79638075,38.0952381,0.86,1.09,1.09,0.85,80452681,0.23,36.50793651,工业,0.63,1,0,3.6
9969.HK,诺诚健华,2020-03-23 00:00:00,298.75,,-3.660490985,-5.136254554,11.17318436,9.81,9.4,10.4,9.4,115987958,0.86,9.608938547,医疗保健,8.95,0,1,0.4
6918.HK,奇士达,2020-03-18 00:00:00,20.4,1.05,1.39325098,11.82748032,21.73913043,0.9,1.1,1.13,0.83,48916000,-0.48,-34.7826087,可选消费,1.38,1,0,0.08
1961.HK,多牛科技,2020-03-17 00:00:00,23.06,1.32,5.920848022,18.38508839,18.51851852,1.4,1.45,1.53,1.28,79743500,0.05,3.703703704,通讯服务,1.35,1,0,0.08
1472.HK,生兴控股,2020-03-17 00:00:00,2.47,1.35,8.301366378,30.21810649,148,1.24,0.9,1.5,0.76,75589000,0.74,148,工业,0.5,1,0,0.08
1941.HK,烨星集团,2020-03-13 00:00:00,1948.62,,8.102662863,23.81546642,17.94871795,1.72,1.47,1.75,1.47,143140000,0.16,10.25641026,房地产,1.56,0,0,0.08
1433.HK,常达控股,2020-03-12 00:00:00,74.68,1.55,2.083767452,11.84319608,14.4,0.15,0.161,0.184,0.148,259330000,-0.1,-40,材料,0.25,0,0,14
1343.HK,伟源控股,2020-03-12 00:00:00,4.79,,4.129794817,21.49945923,75,0.79,0.7,0.89,0.53,79531000,0.31,64.58333333,工业,0.48,1,0,14
9936.HK,稀美资源,2020-03-12 00:00:00,15.74,1.08,1.70159083,7.832223339,11.65919283,2.03,2,2.16,1.9,28920000,-0.2,-8.968609865,材料,2.23,0,0,14
1950.HK,帝王实业控股,2020-03-12 00:00:00,12.47,1.92,3.165826785,18.93748135,20.19230769,0.51,0.5,0.58,0.475,35876000,-0.01,-1.923076923,材料,0.52,0,0,14
9916.HK,兴业物联,2020-03-09 00:00:00,1414.06,8.11,6.38046807,20.67987832,26.63316583,2.03,1.81,2.31,1.78,177677000,0.04,2.010050251,房地产,1.99,0,0,14
2263.HK,富石金融,2020-02-19 00:00:00,130.35,2.63,2.127161728,10.58733226,34,0.4,0.56,0.57,0.4,391670000,-0.1,-20,金融,0.5,1,0,47.67
9929.HK,澳达控股,2020-02-14 00:00:00,5.57,,3.46702202,25.90079454,36,0.255,0.33,0.345,0.255,118960000,0.005,2,工业,0.25,1,0,47.67
1601.HK,中关村科技租赁,2020-01-21 00:00:00,5.8,1.5,1.303961609,13.13106393,10.52631579,1.52,1.45,1.54,1.38,54942000,0,0,金融,1.52,0,0,91.61
1442.HK,鹰辉物流,2020-01-21 00:00:00,10.46,1.05,4.305164041,18.40899636,14.51612903,0.34,0.335,0.37,0.325,96540000,0.03,9.677419355,工业,0.31,0,0,91.61
9933.HK,GHW INTL,2020-01-21 00:00:00,21.7,0.002,2.736710253,10.7713952,24.50980392,0.35,0.44,0.475,0.35,100384000,-0.16,-31.37254902,材料,0.51,1,0,91.61
1745.HK,驴迹科技,2020-01-17 00:00:00,84.66,2.8,3.611186657,14.92875668,20.75471698,1.9,1.73,2.11,1.67,283926000,-0.22,-10.37735849,信息技术,2.12,0,0,91.61
9938.HK,华和控股,2020-01-17 00:00:00,16.69,,7.511878157,24.08912978,80,0.8,0.47,0.86,0.46,144245000,0.3,60,工业,0.5,0,0,91.61
1937.HK,佳辰控股,2020-01-17 00:00:00,7.63,0.89,1.785962208,15.71132461,10.37735849,0.335,0.38,0.39,0.335,152890000,-0.195,-36.79245283,工业,0.53,1,0,91.61
1925.HK,旷世芳香,2020-01-16 00:00:00,17.66,1.07,1.736551125,12.36446873,18.75,0.96,0.96,1.14,0.9,41068000,-0.32,-25,日常消费,1.28,0,0,83.08
1525.HK,建桥教育,2020-01-16 00:00:00,4.52,2.49,2.404103273,19.45546739,8.925619835,6.81,6.7,7.14,6.6,36120700,0.76,12.56198347,可选消费,6.05,0,0,83.08
1412.HK,隽思集团,2020-01-16 00:00:00,6.81,0.07,1.09486115,6.942862566,13.55932203,1.1,1.15,1.16,1,25950000,-0.08,-6.779661017,材料,1.18,1,0,83.08
9919.HK,艾德韦宣集团,2020-01-16 00:00:00,113.75,2.08,18.78547519,37.54211619,16.33663366,1.57,1.8,1.9,1.57,165250020,-0.45,-22.27722772,通讯服务,2.02,1,0,83.08
0301.HK,三和精化,2020-01-16 00:00:00,37.75,1.05,4.663667335,16.47939538,23.84615385,1.03,1.3,1.3,0.99,47154000,-0.27,-20.76923077,材料,1.3,1,0,83.08
1740.HK,新石文化,2020-01-16 00:00:00,1212.16,4.19,1.806752205,25.25153028,70,0.7,0.98,1.02,0.67,587416000,0.2,40,通讯服务,0.5,1,0,83.08
9968.HK,汇景控股,2020-01-16 00:00:00,0.32,1.17,5.787033458,14.91336361,12.95336788,1.95,1.94,1.98,1.73,48596000,0.02,1.03626943,房地产,1.93,1,0,83.08
3718.HK,北控城市资源,2020-01-15 00:00:00,2.7,1.42,1.369485395,8.829551271,13.04347826,0.69,0.69,0.7,0.61,241712000,0,0,工业,0.69,1,0,83.08
9922.HK,九毛九,2020-01-15 00:00:00,637.82,18.5,92.61953818,74.97262457,18.48484848,10.32,9.5,10.32,9.1,372920749,3.72,56.36363636,可选消费,6.6,0,0,83.08
1416.HK,CTR HOLDINGS,2020-01-15 00:00:00,18.17,,2.846415924,9.420145959,16.66666667,0.255,0.25,0.31,0.25,145810000,-0.105,-29.16666667,工业,0.36,0,0,83.08
1802.HK,文业集团,2020-01-14 00:00:00,12.62,0.95,1.221649403,14.47565813,33.96226415,1.09,0.98,1.25,0.89,78444000,0.03,2.830188679,工业,1.06,0,0,83.08
8500.HK,天泓文创,2020-01-14 00:00:00,15.1,1.15,-568.0711601,-3.774693088,25.89928058,0.99,1.18,1.35,0.99,17508000,-0.4,-28.77697842,通讯服务,1.39,1,0,83.08
2528.HK,尚晋国际控股,2020-01-13 00:00:00,17.7,1.14,2.446647172,15.71159537,16,1.46,1.63,1.67,1.35,44374000,-0.54,-27,可选消费,2,1,0,83.08
8646.HK,中国宏光,2020-01-13 00:00:00,27.9,0.9905,1.910786636,7.964131748,27.27272727,0.79,0.95,0.98,0.77,28230000,0.02,2.597402597,工业,0.77,1,0,83.08
9918.HK,丽年国际,2020-01-10 00:00:00,35.19,0.14,9.548461317,14.9146451,13.2,0.249,0.24,0.265,0.232,316696000,-0.001,-0.4,信息技术,0.25,0,0,83.08
9998.HK,光荣控股,2020-01-08 00:00:00,48.73,1.03,2.106539433,14.04347757,20,0.6,0.6,0.68,0.55,143815000,-0.05,-7.692307692,工业,0.65,0,0,81.64
nan,,,,,,,,,,,,,,,,,0,1,
数据来源：Wind,,,,,,,,,,,,,,,,,0,1,
